uri,publishedDate,publisher/name,publisher/scheme,publisher/uid,publisher/uri,version,extensions/0,license,publicationPolicy,releases/0/ocid,releases/0/id,releases/0/language,releases/0/date,releases/0/tag/0,releases/0/initiationType,releases/0/tender/id,releases/0/tender/title,releases/0/tender/description,releases/0/tender/status,releases/0/tender/items/0/id,releases/0/tender/items/0/description,releases/0/tender/items/0/classification/scheme,releases/0/tender/items/0/classification/id,releases/0/tender/items/0/classification/description,releases/0/tender/items/0/classification/uri,releases/0/tender/minValue/amount,releases/0/tender/minValue/currency,releases/0/tender/value/amount,releases/0/tender/value/currency,releases/0/tender/procurementMethod,releases/0/tender/procurementMethodDetails,releases/0/tender/procurementMethodRationale,releases/0/tender/awardCriteria,releases/0/tender/awardCriteriaDetails,releases/0/tender/submissionMethod,releases/0/tender/submissionMethodDetails,releases/0/tender/tenderPeriod/endDate,releases/0/tender/hasEnquiries,releases/0/tender/eligibilityCriteria,releases/0/tender/milestones/0/id,releases/0/tender/milestones/0/title,releases/0/tender/milestones/0/description,releases/0/tender/milestones/0/dueDate,releases/0/tender/milestones/0/status,releases/0/tender/milestones/1/id,releases/0/tender/milestones/1/title,releases/0/tender/milestones/1/description,releases/0/tender/milestones/1/dueDate,releases/0/tender/milestones/1/status,releases/0/tender/xClassifications/isSuitableForSme,releases/0/tender/xClassifications/isSuitableForVco,releases/0/tender/xClassifications/ojeuContractType,releases/0/tender/supplyChain,releases/0/buyer/name,releases/0/buyer/address/streetAddress,releases/0/buyer/address/locality,releases/0/buyer/address/region,releases/0/buyer/address/postalCode,releases/0/buyer/address/countryName,releases/0/buyer/contactPoint/name,releases/0/buyer/contactPoint/email,releases/0/buyer/contactPoint/telephone,releases/0/buyer/contactPoint/faxNumber,releases/0/awards/0/id,releases/0/awards/0/title,releases/0/awards/0/description,releases/0/awards/0/status,releases/0/awards/0/date,releases/0/awards/0/value/amount,releases/0/awards/0/value/currency,releases/0/awards/0/suppliers/0/id,releases/0/awards/0/suppliers/0/identifier/scheme,releases/0/awards/0/suppliers/0/identifier/id,releases/0/awards/0/suppliers/0/identifier/legalName,releases/0/awards/0/suppliers/0/identifier/uri,releases/0/awards/0/suppliers/0/sme,releases/0/awards/0/suppliers/0/vco,releases/0/awards/0/suppliers/0/name,releases/0/awards/0/suppliers/0/address/streetAddress,releases/0/awards/0/suppliers/0/address/locality,releases/0/awards/0/suppliers/0/address/region,releases/0/awards/0/suppliers/0/address/postalCode,releases/0/awards/0/suppliers/0/address/countryName,releases/0/awards/0/suppliers/0/contactPoint/name,releases/0/awards/0/suppliers/0/contactPoint/email,releases/0/awards/0/suppliers/0/contactPoint/telephone,releases/0/awards/0/suppliers/0/contactPoint/faxNumber,releases/0/awards/0/suppliers/0/x_awardValue/currency,releases/0/awards/0/suppliers/0/x_awardValue/amount,releases/0/awards/0/contractPeriod/startDate,releases/0/awards/0/contractPeriod/endDate
https://www.contractsfinder.service.gov.uk/Published/Notice/releases/9a4a6409-774f-48d3-adbb-4d93678d2ecd.json,2019-12-29T19:49:47Z,"BRAVOSOLUTION UK LIMITED",GB-GOVUK-crown_comercial_service,,https://www.contractsfinder.service.gov.uk,1.1,https://raw.githubusercontent.com/open-contracting/ocds_process_title_extension/v1.1/extension.json,https://www.nationalarchives.gov.uk/doc/open-government-licence/version/2/,https://www.gov.uk/government/publications/open-contracting,ocds-b5fd17-1f3b4354-4c50-4354-9d20-b5ac18672355,ocds-b5fd17-1f3b4354-4c50-4354-9d20-b5ac18672355-334547-tender_221898-825420,en-GB,2019-12-29T19:49:47Z,award,tender,tender_221898/825420,"Contract 17304 HMP Send Education in Murals October 2019","The supplier is to ensure that the learners will:
-	Learn basic painting skills
-	Develop learners  personal development, confidence   and soft skills 
-	Know how to paint murals, achieving competency in recycling procedures.
-	Contextualise and develop learners' Maths, English and employability skills. 
-	Understand and display good practise regarding personal protective equipment, health and safety and safe handling.",complete,1,"See description of related tender.",CPV,80000000,"Education and training services",http://cpv.data.ac.uk/code-80000000.html,35500,GBP,0,GBP,selective,"Call off from a Dynamic Purchasing System",,,,,,2019-11-25T00:00:00Z,,,1,"Contract start","Anticipated contract start date",2020-01-13T00:00:00Z,,2,"Contract end","Anticipated contract end date",2020-07-10T00:00:00Z,,1,,Services,,"Ministry of Justice.","102 Petty France ",London,,"SW1H 9AJ",England,,Commercial.prisoneducation@justice.gov.uk,,,c1f98490-9d9f-49f8-beb2-1f94d2243c35,,"See description of related tender",active,2019-12-21T00:00:00Z,35500,GBP,0,,,,,,,"CAP UK (Community Arts Projects)","101 Pinewood Place, Dartford, DA27WN",,,,,,,,,GBP,,2020-01-13T00:00:00Z,2020-07-10T00:00:00Z
https://www.contractsfinder.service.gov.uk/Published/Notice/releases/9e2bf70e-ab1d-48bb-af05-a4660e815e51.json,2019-12-29T13:00:49Z,"BRAVOSOLUTION UK LIMITED",GB-GOVUK-crown_comercial_service,,https://www.contractsfinder.service.gov.uk,1.1,https://raw.githubusercontent.com/open-contracting/ocds_process_title_extension/v1.1/extension.json,https://www.nationalarchives.gov.uk/doc/open-government-licence/version/2/,https://www.gov.uk/government/publications/open-contracting,ocds-b5fd17-84d9e71e-d93a-476e-9ab5-8ab65a3465f5,ocds-b5fd17-84d9e71e-d93a-476e-9ab5-8ab65a3465f5-334546-tender_221853-825418,en-GB,2019-12-29T13:00:49Z,award,tender,tender_221853/825418,"Contract 17302 HMP Send Drama Workshop October 2019","HMP Send is looking to commission a provider to deliver three unaccredited drama workshop courses at HMP Send. The required provision of each workshop includes:

1. Each drama workshop will run for 4.5 days; Monday through to Friday, with the performance at the end of the week as the final outcome. 
2. A play to be staged on Friday morning for a prison audience. To be hosted in an appropriate and viable space within the prison.
3. The class will have a maximum of 15 learners and two members of your own staff.
4. The prison will provide a room big enough for 17 people to work and rehearse, however this may be subject to change.  
5.  All of the provider's staff will be subject to the appropriate vetting and be expected to work with, instruct and supervise the learners unescorted by Prison staff.
6. The drama production and workshop of each course will have a specific theme involving each of the following subjects in turn: Prison Debt, Substance Abuse & Violence",complete,1,"See description of related tender.",CPV,80000000,"Education and training services",http://cpv.data.ac.uk/code-80000000.html,10500,GBP,0,GBP,selective,"Call off from a Dynamic Purchasing System",,,,,,2019-11-25T00:00:00Z,,,1,"Contract start","Anticipated contract start date",2020-01-06T00:00:00Z,,2,"Contract end","Anticipated contract end date",2020-03-31T00:00:00Z,,1,,Services,,"Ministry of Justice.","102 Petty France ",London,,"SW1H 9AJ",England,,Commercial.prisoneducation@justice.gov.uk,,,eff21057-7776-41e4-b1c5-2e4af30ec693,,"See description of related tender",active,2019-12-21T00:00:00Z,10500,GBP,0,,,,,,,"Unlock Drama","43 Deacon Place, Middleton, Milton Keynes MK10 9FS",,,,,,,,,GBP,,2020-01-06T00:00:00Z,2020-03-31T00:00:00Z
