uri,publishedDate,publisher/name,publisher/scheme,publisher/uid,publisher/uri,version,extensions/0,license,publicationPolicy,releases/0/ocid,releases/0/id,releases/0/language,releases/0/date,releases/0/tag/0,releases/0/initiationType,releases/0/tender/id,releases/0/tender/title,releases/0/tender/description,releases/0/tender/status,releases/0/tender/items/0/id,releases/0/tender/items/0/description,releases/0/tender/items/0/classification/scheme,releases/0/tender/items/0/classification/id,releases/0/tender/items/0/classification/description,releases/0/tender/items/0/classification/uri,releases/0/tender/items/1/id,releases/0/tender/items/1/description,releases/0/tender/items/1/classification/scheme,releases/0/tender/items/1/classification/id,releases/0/tender/items/1/classification/description,releases/0/tender/items/1/classification/uri,releases/0/tender/items/2/id,releases/0/tender/items/2/description,releases/0/tender/items/2/classification/scheme,releases/0/tender/items/2/classification/id,releases/0/tender/items/2/classification/description,releases/0/tender/items/2/classification/uri,releases/0/tender/items/3/id,releases/0/tender/items/3/description,releases/0/tender/items/3/classification/scheme,releases/0/tender/items/3/classification/id,releases/0/tender/items/3/classification/description,releases/0/tender/items/3/classification/uri,releases/0/tender/items/4/id,releases/0/tender/items/4/description,releases/0/tender/items/4/classification/scheme,releases/0/tender/items/4/classification/id,releases/0/tender/items/4/classification/description,releases/0/tender/items/4/classification/uri,releases/0/tender/minValue/amount,releases/0/tender/minValue/currency,releases/0/tender/value/amount,releases/0/tender/value/currency,releases/0/tender/procurementMethod,releases/0/tender/procurementMethodDetails,releases/0/tender/procurementMethodRationale,releases/0/tender/awardCriteria,releases/0/tender/awardCriteriaDetails,releases/0/tender/submissionMethod,releases/0/tender/submissionMethodDetails,releases/0/tender/tenderPeriod/endDate,releases/0/tender/hasEnquiries,releases/0/tender/eligibilityCriteria,releases/0/tender/milestones/0/id,releases/0/tender/milestones/0/title,releases/0/tender/milestones/0/description,releases/0/tender/milestones/0/dueDate,releases/0/tender/milestones/0/status,releases/0/tender/milestones/1/id,releases/0/tender/milestones/1/title,releases/0/tender/milestones/1/description,releases/0/tender/milestones/1/dueDate,releases/0/tender/milestones/1/status,releases/0/tender/xClassifications/isSuitableForSme,releases/0/tender/xClassifications/isSuitableForVco,releases/0/tender/xClassifications/ojeuContractType,releases/0/tender/supplyChain,releases/0/buyer/name,releases/0/buyer/address/streetAddress,releases/0/buyer/address/locality,releases/0/buyer/address/region,releases/0/buyer/address/postalCode,releases/0/buyer/address/countryName,releases/0/buyer/contactPoint/name,releases/0/buyer/contactPoint/email,releases/0/buyer/contactPoint/telephone,releases/0/buyer/contactPoint/faxNumber,releases/0/awards/0/id,releases/0/awards/0/title,releases/0/awards/0/description,releases/0/awards/0/status,releases/0/awards/0/date,releases/0/awards/0/value/amount,releases/0/awards/0/value/currency,releases/0/awards/0/suppliers/0/id,releases/0/awards/0/suppliers/0/identifier/scheme,releases/0/awards/0/suppliers/0/identifier/id,releases/0/awards/0/suppliers/0/identifier/legalName,releases/0/awards/0/suppliers/0/identifier/uri,releases/0/awards/0/suppliers/0/sme,releases/0/awards/0/suppliers/0/vco,releases/0/awards/0/suppliers/0/name,releases/0/awards/0/suppliers/0/address/streetAddress,releases/0/awards/0/suppliers/0/address/locality,releases/0/awards/0/suppliers/0/address/region,releases/0/awards/0/suppliers/0/address/postalCode,releases/0/awards/0/suppliers/0/address/countryName,releases/0/awards/0/suppliers/0/contactPoint/name,releases/0/awards/0/suppliers/0/contactPoint/email,releases/0/awards/0/suppliers/0/contactPoint/telephone,releases/0/awards/0/suppliers/0/contactPoint/faxNumber,releases/0/awards/0/suppliers/0/x_awardValue/currency,releases/0/awards/0/suppliers/0/x_awardValue/amount,releases/0/awards/0/contractPeriod/startDate,releases/0/awards/0/contractPeriod/endDate,releases/0/buyer/contactPoint/uri
https://www.contractsfinder.service.gov.uk/Published/Notice/releases/1829358c-aa27-4a5f-8ca6-f044455e6d41.json,2019-12-14T21:54:47Z,"BRAVOSOLUTION UK LIMITED",GB-GOVUK-crown_comercial_service,,https://www.contractsfinder.service.gov.uk,1.1,https://raw.githubusercontent.com/open-contracting/ocds_process_title_extension/v1.1/extension.json,https://www.nationalarchives.gov.uk/doc/open-government-licence/version/2/,https://www.gov.uk/government/publications/open-contracting,ocds-b5fd17-020448f3-5bf1-4acc-bc49-7cbd5dc54b59,ocds-b5fd17-020448f3-5bf1-4acc-bc49-7cbd5dc54b59-332345-tender_220252-822548,en-GB,2019-12-14T21:54:47Z,award,tender,tender_220252/822548,"PEDPS Contract 17208 - HMP Haverigg, Catering","Vocational training that is learner focussed and employer led. The aim is to support learners in the achievement of vocational work skills, the acquisition of professional work behaviours and provide graduates of the programme with employment on release.

The tender requires the successful provider to deliver a recognised level 2 qualification in Catering and Food preparation. The preferred options of which are:

-	Level 2 diploma qualifications in Food Preparation and Culinary Arts, City & Guilds (course number 8065-02) 
-	Hospitality and Catering Level 2 (course number 7132) specialising in the  - Diploma in Professional cookery (Preparation and Cooking) 7132-07)

This course will be delivered to men already working within the catering department, including those working in HMP Haverigg's award winning smokery in a fully equipped area. As such, there are no set up costs anticipated in delivering this tender.",complete,1,"See description of related tender.",CPV,80000000,"Education and training services",http://cpv.data.ac.uk/code-80000000.html,,,,,,,,,,,,,,,,,,,,,,,,,18004,GBP,0,GBP,selective,"Call off from a Dynamic Purchasing System",,,,,,2019-10-25T00:00:00Z,,,1,"Contract start","Anticipated contract start date",2020-03-02T00:00:00Z,,2,"Contract end","Anticipated contract end date",2020-06-26T00:00:00Z,,1,,Services,,"Ministry of Justice.","102 Petty France ",London,,"SW1H 9AJ",England,,Commercial.prisoneducation@justice.gov.uk,,,06f02b0c-a766-460f-9ef6-af5cec360f3c,,"See description of related tender",active,2019-12-14T00:00:00Z,18004,GBP,0,,,,,,,"LTE Group (Trading as Novus)","Whitworth House, Openshaw Campus, Ashton Old Road, Openshaw, Manchester, M11 2WH",,,,,,,,,GBP,,2020-03-02T00:00:00Z,2020-06-26T00:00:00Z,
https://www.contractsfinder.service.gov.uk/Published/Notice/releases/aaf92236-b74a-4ee7-bd8e-bbbdb6e8cfa5.json,2019-12-14T20:30:43Z,"EU SUPPLY LIMITED",GB-GOVUK-crown_comercial_service,,https://www.contractsfinder.service.gov.uk,1.1,https://raw.githubusercontent.com/open-contracting/ocds_process_title_extension/v1.1/extension.json,https://www.nationalarchives.gov.uk/doc/open-government-licence/version/2/,https://www.gov.uk/government/publications/open-contracting,ocds-b5fd17-e9f3ca50-b7ac-4b42-8fbd-0138c550bb22,ocds-b5fd17-e9f3ca50-b7ac-4b42-8fbd-0138c550bb22-332344-20191214203039-3510,en-GB,2019-12-14T20:30:43Z,tender,tender,20191214203039-3510,"LLWR Packaging & Associated Services ITT","The procurement project will deliver a four-year multi-Lot framework agreement. The current estimated maximum spend through the framework is £17M, although the framework is formally a zero-value agreement, with no spend guaranteed. The potential framework value is forecast to meet the demands of the Joint Waste Management Plans between LLWR and its customers, and the delivery of a framework that meets customer requirements in terms of cost, quality and schedule is key to the success of the framework.

The scope of the new framework is to undertake the following:
•	IP-2 ISO Container & Equipment supply, LQR Records and Design support;
•	UN Approved Drum supply;
•	Soft Sided Packaging supply;
•	Spares and Repairs for Type B Novapak and Associated Equipment.

LLWR's scope also encompasses associated services in support of elements of the above including design, maintenance and repair (where applicable), for example loading plans support and licensing support.

Current identified exclusions from the framework scope include:
•	SQE services;
•	Engineering support.",unsuccessful,1,"See description of related tender.",CPV,90521500,"Packaging of radioactive waste",http://cpv.data.ac.uk/code-90521500.html,2,"See description of related tender.",CPV,90521510,"Packaging of low level nuclear waste",http://cpv.data.ac.uk/code-90521510.html,,,,,,,,,,,,,,,,,,,0,GBP,17000000,GBP,,"Open procedure",,,,,"Please apply directly to the buyer using the contact details provided, or follow the instructions given in the notice description or information section.",2020-02-04T00:00:00Z,,,1,"Contract start","Anticipated contract start date",2020-07-17T00:00:00Z,,2,"Contract end","Anticipated contract end date",2024-07-16T00:00:00Z,,1,1,Products,,"CTM Portal for the NDA Shared Services Alliance","Calder Bridge ",Seascale,,"CA20 1PG",ENG,"James Allen",James.allen@llwrsite.com,,,,,,,,,,,,,,,,,,,,,,,,,,,,,,,https://www.gov.uk/government/case-studies/shared-services-alliance-ssa-for-nuclear-decommissioning-estate
https://www.contractsfinder.service.gov.uk/Published/Notice/releases/16b59757-f58c-465b-9f46-2aba58eeb296.json,2019-12-14T18:31:43Z,"EU SUPPLY LIMITED",GB-GOVUK-crown_comercial_service,,https://www.contractsfinder.service.gov.uk,1.1,https://raw.githubusercontent.com/open-contracting/ocds_process_title_extension/v1.1/extension.json,https://www.nationalarchives.gov.uk/doc/open-government-licence/version/2/,https://www.gov.uk/government/publications/open-contracting,ocds-b5fd17-90568c72-82a8-4d85-bc76-117f3a116271,ocds-b5fd17-90568c72-82a8-4d85-bc76-117f3a116271-332343-20191214183139-28,en-GB,2019-12-14T18:31:43Z,tender,tender,20191214183139-28,"Camden GP Public Health LCS","The provision of GPs to carry out numerous services such as; 

1. NHS Health Check 
2. Smoking cessation 
3. Drugs misuse
4. Sexual health
5. Long acting reversible contraception (LARC) LCS specification",unsuccessful,1,"See description of related tender.",CPV,85120000,"Medical practice and related services",http://cpv.data.ac.uk/code-85120000.html,,,,,,,,,,,,,,,,,,,,,,,,,662000,GBP,1986000,GBP,,"Open procedure",,,,,"Please apply directly to the buyer using the contact details provided, or follow the instructions given in the notice description or information section.",2020-01-13T00:00:00Z,,,1,"Contract start","Anticipated contract start date",2020-04-01T00:00:00Z,,2,"Contract end","Anticipated contract end date",2023-03-31T00:00:00Z,,,,Services,,"London Borough of Camden","5 Pancras Square ",London,,"N1C 4AG",ENG,"Paul Dalton",Paul.Dalton@camden.gov.uk,"+44 2079744444",,,,,,,,,,,,,,,,,,,,,,,,,,,,,,
https://www.contractsfinder.service.gov.uk/Published/Notice/releases/bedbc218-c95a-4f90-b259-416748bf6cdf.json,2019-12-14T17:01:40Z,"EU SUPPLY LIMITED",GB-GOVUK-crown_comercial_service,,https://www.contractsfinder.service.gov.uk,1.1,https://raw.githubusercontent.com/open-contracting/ocds_process_title_extension/v1.1/extension.json,https://www.nationalarchives.gov.uk/doc/open-government-licence/version/2/,https://www.gov.uk/government/publications/open-contracting,ocds-b5fd17-232fbc61-9e2d-49e5-ae99-6feec087cb48,ocds-b5fd17-232fbc61-9e2d-49e5-ae99-6feec087cb48-332342-20191214170137-18,en-GB,2019-12-14T17:01:40Z,tender,tender,20191214170137-18,"Bikeability Training in Schools and Cycle Skills Training 2020 - 2025","This tender seeks to appoint an experienced and accredited National Standards cycle training delivery partner provider to deliver all forms of cycle skills training in the borough. This will include Bikeability cycle training in schools and National Standards cycle skills training to individuals and groups. This requirement may also include additional projects including events and tailored packages of training to specific groups. The requirement includes all administration of the project including booking residents' training and providing reports and survey results to the council.  Commencing May 2020 to May 2023 with a projected annual budget of up to £300,000 (subject to funding). Two further one-year contract extensions will be available to the successful provider subject to performance review from the sustainable travel team at Lambeth measured against the delivery of Key Performance Indicators (KPIs).


To Access the tender documents and submit a bid, please download tender documents from : https://uk.eu-supply.com/app/rfq/rwlentrance_s.asp?PID=31309&B=LBLAMBETH
EU-Supply Ref no: 38245",unsuccessful,1,"See description of related tender.",CPV,80000000,"Education and training services",http://cpv.data.ac.uk/code-80000000.html,2,"See description of related tender.",CPV,80510000,"Specialist training services",http://cpv.data.ac.uk/code-80510000.html,3,"See description of related tender.",CPV,80550000,"Safety training services",http://cpv.data.ac.uk/code-80550000.html,,,,,,,,,,,,,0,GBP,1500000,GBP,,"Open procedure",,,,,"Please apply directly to the buyer using the contact details provided, or follow the instructions given in the notice description or information section.",2020-01-21T00:00:00Z,,,1,"Contract start","Anticipated contract start date",2020-05-18T00:00:00Z,,2,"Contract end","Anticipated contract end date",2023-05-17T00:00:00Z,,1,,Services,,"London Borough of Lambeth","Town Hall, Brixton Hill ",London,,"SW2 1RW",ENG,"Sophie Eveso",SEveso@lambeth.gov.uk,"+44 2079261916",,,,,,,,,,,,,,,,,,,,,,,,,,,,,,www.lambeth.gov.uk
https://www.contractsfinder.service.gov.uk/Published/Notice/releases/b7d0924d-cbd2-4e73-af74-c1846beb78d2.json,2019-12-14T16:52:05Z,"BRAVOSOLUTION UK LIMITED",GB-GOVUK-crown_comercial_service,,https://www.contractsfinder.service.gov.uk,1.1,https://raw.githubusercontent.com/open-contracting/ocds_process_title_extension/v1.1/extension.json,https://www.nationalarchives.gov.uk/doc/open-government-licence/version/2/,https://www.gov.uk/government/publications/open-contracting,ocds-b5fd17-335b8e00-e819-4550-9a4d-05838a5ea7d9,ocds-b5fd17-335b8e00-e819-4550-9a4d-05838a5ea7d9-332341-tender_218333-822546,en-GB,2019-12-14T16:52:05Z,award,tender,tender_218333/822546,"Supply of one (1) Automated Chromatography System to Animal Plant Health Agency","Purchase of automated chromatography system for purifying proteins and biomolecules. The equipment will be used by the Cell and Tissue Culture Section (CTC) at APHA-Weybridge to purify reagents that are supplied to APHA and commercial customers. The equipment will also be used in research projects where novel methods of purifying proteins may be required.",complete,1,"See description of related tender.",CPV,38000000,"Laboratory, optical and precision equipments (excl. glasses)",http://cpv.data.ac.uk/code-38000000.html,,,,,,,,,,,,,,,,,,,,,,,,,34565,GBP,0,GBP,direct,"Single tender action (non-OJEU)",,,,,,2019-09-09T00:00:00Z,,,1,"Contract start","Anticipated contract start date",2019-10-09T00:00:00Z,,2,"Contract end","Anticipated contract end date",2019-10-31T00:00:00Z,,,,Products,,"Defra Network eTendering Portal","17 Nobel House ",London,,"SW1P 3JR",England,"Ajay Tyagi",Network.Procurement@defra.gov.uk,00,,ac58e6e6-8356-404f-8e0a-d530a22bc5f4,,"See description of related tender",active,2019-10-09T00:00:00Z,34565,GBP,0,,,,,,,"GE Healthcare","Amersham Place, Buckinghamshire.  HP7 9NA, UK",,,,,,,,,GBP,,2019-10-09T00:00:00Z,2019-10-31T00:00:00Z,
https://www.contractsfinder.service.gov.uk/Published/Notice/releases/7fbff5b2-34c1-45a0-ae41-087b3c243e04.json,2019-12-14T15:58:10Z,"BRAVOSOLUTION UK LIMITED",GB-GOVUK-crown_comercial_service,,https://www.contractsfinder.service.gov.uk,1.1,https://raw.githubusercontent.com/open-contracting/ocds_process_title_extension/v1.1/extension.json,https://www.nationalarchives.gov.uk/doc/open-government-licence/version/2/,https://www.gov.uk/government/publications/open-contracting,ocds-b5fd17-6e6f260e-92f7-47d4-b5a3-941629e8c8f3,ocds-b5fd17-6e6f260e-92f7-47d4-b5a3-941629e8c8f3-332340-tender_218786-822544,en-GB,2019-12-14T15:58:10Z,award,tender,tender_218786/822544,"The purchase of a KingFisher Flex 96","Supply of one (1) KingFisher Flex 96 to Animal Plant Health Agency (APHA),",complete,1,"See description of related tender.",CPV,38000000,"Laboratory, optical and precision equipments (excl. glasses)",http://cpv.data.ac.uk/code-38000000.html,,,,,,,,,,,,,,,,,,,,,,,,,38970,GBP,0,GBP,direct,"Single tender action (non-OJEU)",,,,,,2019-09-10T00:00:00Z,,,1,"Contract start","Anticipated contract start date",2019-10-10T00:00:00Z,,2,"Contract end","Anticipated contract end date",2019-10-31T00:00:00Z,,,,Products,,"Defra Network eTendering Portal","17 Nobel House ",London,,"SW1P 3JR",England,"Ajay Tyagi",Network.Procurement@defra.gov.uk,00,,21613cf5-0c16-41e4-a6f2-b508fccbfb34,,"See description of related tender",active,2019-10-10T00:00:00Z,38970,GBP,0,,,,,,,"Life Technologies Limited","3 Fountain Drive, Inchinnan Business Park, Paisley, PA4 9RF",,,,,,,,,GBP,,2019-10-10T00:00:00Z,2019-10-31T00:00:00Z,
https://www.contractsfinder.service.gov.uk/Published/Notice/releases/cd035681-0e97-416f-a715-16601b5a0577.json,2019-12-14T15:31:43Z,"EU SUPPLY LIMITED",GB-GOVUK-crown_comercial_service,,https://www.contractsfinder.service.gov.uk,1.1,https://raw.githubusercontent.com/open-contracting/ocds_process_title_extension/v1.1/extension.json,https://www.nationalarchives.gov.uk/doc/open-government-licence/version/2/,https://www.gov.uk/government/publications/open-contracting,ocds-b5fd17-16a0d0bb-d9d8-4c54-9362-d76ecd3644a1,ocds-b5fd17-16a0d0bb-d9d8-4c54-9362-d76ecd3644a1-332339-20191214153140-72814,en-GB,2019-12-14T15:31:43Z,tender,tender,20191214153140-72814,"STEP WP1 Federated Cloud Search Engine","UKAEA wishes to appoint an organisation to demonstrate federated (cloud) search capabilities on a number of Authority data sources in two different stages which will be detailed in this tender.",unsuccessful,1,"See description of related tender.",CPV,48000000,"Software package and information systems",http://cpv.data.ac.uk/code-48000000.html,2,"See description of related tender.",CPV,48200000,"Networking, Internet and intranet software package",http://cpv.data.ac.uk/code-48200000.html,3,"See description of related tender.",CPV,72414000,"Web search engine providers",http://cpv.data.ac.uk/code-72414000.html,,,,,,,,,,,,,1,GBP,1900000,GBP,,"Open procedure",,,,,"Please apply directly to the buyer using the contact details provided, or follow the instructions given in the notice description or information section.",2020-01-24T00:00:00Z,,,1,"Contract start","Anticipated contract start date",2020-01-25T00:00:00Z,,2,"Contract end","Anticipated contract end date",2020-01-26T00:00:00Z,,1,,Services,,"United Kingdom Atomic Energy Authority","Culham Science Centre ",Abingdon,,"OX14 3DB",ENG,"Umit Hannam",umit.hannam@ukaea.uk,"+44 1235467043",,,,,,,,,,,,,,,,,,,,,,,,,,,,,,www.gov.uk/government/organisations/uk-atomic-energy-authority
https://www.contractsfinder.service.gov.uk/Published/Notice/releases/df7ee7f9-5095-4e3c-961e-cd32a5e0e55c.json,2019-12-14T14:30:03Z,"BIP SOLUTIONS LIMITED",GB-GOVUK-crown_comercial_service,,https://www.contractsfinder.service.gov.uk,1.1,https://raw.githubusercontent.com/open-contracting/ocds_process_title_extension/v1.1/extension.json,https://www.nationalarchives.gov.uk/doc/open-government-licence/version/2/,https://www.gov.uk/government/publications/open-contracting,ocds-b5fd17-62e913d7-5956-4009-960f-608e716c3020,ocds-b5fd17-62e913d7-5956-4009-960f-608e716c3020-332338-bip456580253,en-GB,2019-12-14T14:30:03Z,tender,tender,BIP456580253,"Supply of Catering Services","This contract is for the provision of a catering service to 9 primary schools and a day care centre.",unsuccessful,1,"See description of related tender.",CPV,55524000,"School catering services",http://cpv.data.ac.uk/code-55524000.html,,,,,,,,,,,,,,,,,,,,,,,,,0,GBP,0,GBP,,"Restricted procedure",,,,,"Please apply directly to the buyer using the contact details provided, or follow the instructions given in the notice description or information section.",2020-01-10T00:00:00Z,,,1,"Contract start","Anticipated contract start date",2020-04-01T00:00:00Z,,2,"Contract end","Anticipated contract end date",2023-03-31T00:00:00Z,,1,,Services,,"Enfield Cluster Schools","C/O Firs Farm Primary School Rayleigh Road","Palmers Green",,"N13 5QP",UK,,info@schsmart.co.uk,+441702546066,,,,,,,,,,,,,,,,,,,,,,,,,,,,,,
https://www.contractsfinder.service.gov.uk/Published/Notice/releases/5bf8198a-2ffb-4e04-b998-e0f1094d264b.json,2019-12-14T13:00:02Z,"BIP SOLUTIONS LIMITED",GB-GOVUK-crown_comercial_service,,https://www.contractsfinder.service.gov.uk,1.1,https://raw.githubusercontent.com/open-contracting/ocds_process_title_extension/v1.1/extension.json,https://www.nationalarchives.gov.uk/doc/open-government-licence/version/2/,https://www.gov.uk/government/publications/open-contracting,ocds-b5fd17-7a0f7832-672b-4e87-a644-6860286d5899,ocds-b5fd17-7a0f7832-672b-4e87-a644-6860286d5899-332337-bip455974833,en-GB,2019-12-14T13:00:02Z,tender,tender,BIP455974833,"Architectural Services for the redevelopment of the Hillington Square Estate, King's Lynn","The Hillington Square estate was constructed in the 1960s. It was transferred as part of a large scale voluntary stock transfer to Freebridge Community Housing in 2006 from the Borough Council of Kings Lynn and West Norfolk. As part of Freebridge's tenant promises at transfer it was agree that the area needed more investment than the decent homes programme. After further consultation with residents and stakeholders Freebridge Community Housing commenced the refurbishment programme in 2012.
      
      There is a master plan for the estate, of which some demolition has been completed and 203 properties have been refurbished. There are 89 residential properties remaining, of which approximately 10 are leasehold, and one commercial property. Freebridge Community Housing wish to continue with the concept design for the estate and the properties, and develop the external environment, access routes and parking courts.",unsuccessful,1,"See description of related tender.",CPV,71200000,"Architectural and related services",http://cpv.data.ac.uk/code-71200000.html,,,,,,,,,,,,,,,,,,,,,,,,,0,GBP,0,GBP,,"Open procedure",,,,,"Please apply directly to the buyer using the contact details provided, or follow the instructions given in the notice description or information section.",2020-01-20T00:00:00Z,,,1,"Contract start","Anticipated contract start date",2020-03-09T00:00:00Z,,2,"Contract end","Anticipated contract end date",2025-03-10T00:00:00Z,,,,Services,,"Freebridge Community Housing Limited","Juniper House Austin Street","King's Lynn",,"PE30 1DZ",UK,"Procurement Department",procurement@freebridge.org.uk,+441553666881,,,,,,,,,,,,,,,,,,,,,,,,,,,,,,
https://www.contractsfinder.service.gov.uk/Published/Notice/releases/8e4e622c-a670-49fd-b86d-2eb6429fc35e.json,2019-12-14T12:40:12Z,"BRAVOSOLUTION UK LIMITED",GB-GOVUK-crown_comercial_service,,https://www.contractsfinder.service.gov.uk,1.1,https://raw.githubusercontent.com/open-contracting/ocds_process_title_extension/v1.1/extension.json,https://www.nationalarchives.gov.uk/doc/open-government-licence/version/2/,https://www.gov.uk/government/publications/open-contracting,ocds-b5fd17-3e4ed4b2-c30b-4800-a8ca-df2053118791,ocds-b5fd17-3e4ed4b2-c30b-4800-a8ca-df2053118791-332336-tender_219782-822488,en-GB,2019-12-14T12:40:12Z,award,tender,tender_219782/822488,"Implementation of predictive movement models for TBMI","This project will fund a R&D programme which will aim to generate a probabilistic model at 	national level, to predict the destination of individual cattle arising from given locations. This model would be applied when considering different options and scenarios in the control of infection of TB in British cattle.",complete,1,"See description of related tender.",CPV,73200000,"Research and development consultancy services",http://cpv.data.ac.uk/code-73200000.html,,,,,,,,,,,,,,,,,,,,,,,,,40574,GBP,0,GBP,direct,"Single tender action (non-OJEU)",,,,,,2019-09-02T00:00:00Z,,,1,"Contract start","Anticipated contract start date",2019-10-02T00:00:00Z,,2,"Contract end","Anticipated contract end date",2020-01-02T00:00:00Z,,1,,Services,,"Defra Network eTendering Portal","17 Nobel House ",London,,"SW1P 3JR",England,"Ajay Tyagi",Network.Procurement@defra.gov.uk,00,,261201b2-b0ed-4299-8886-92c2e9a8479b,,"See description of related tender",active,2019-10-02T00:00:00Z,40574,GBP,0,GB-COH,SC005336,,,,,"The University of Edinburgh","Old College, South Bridge, Edinburgh EH8 9YL, UNITED KINGDOM",,,,,,,,,GBP,,2019-10-02T00:00:00Z,2020-01-02T00:00:00Z,
https://www.contractsfinder.service.gov.uk/Published/Notice/releases/3def4d0f-91b1-4e9f-8c32-691684e7ba27.json,2019-12-14T09:40:02Z,"BIP SOLUTIONS LIMITED",GB-GOVUK-crown_comercial_service,,https://www.contractsfinder.service.gov.uk,1.1,https://raw.githubusercontent.com/open-contracting/ocds_process_title_extension/v1.1/extension.json,https://www.nationalarchives.gov.uk/doc/open-government-licence/version/2/,https://www.gov.uk/government/publications/open-contracting,ocds-b5fd17-15255546-f3e4-45db-a058-4cec5548bcb6,ocds-b5fd17-15255546-f3e4-45db-a058-4cec5548bcb6-332334-bip456338601,en-GB,2019-12-14T09:40:02Z,tender,tender,BIP456338601,"Supply of Catering Services","This contract is for the provision of a catering service to two primary schools, located in Enfield and Southgate, London.",unsuccessful,1,"See description of related tender.",CPV,55524000,"School catering services",http://cpv.data.ac.uk/code-55524000.html,,,,,,,,,,,,,,,,,,,,,,,,,0,GBP,0,GBP,,"Restricted procedure",,,,,"Please apply directly to the buyer using the contact details provided, or follow the instructions given in the notice description or information section.",2020-01-10T00:00:00Z,,,1,"Contract start","Anticipated contract start date",2020-04-01T00:00:00Z,,2,"Contract end","Anticipated contract end date",2023-03-31T00:00:00Z,,1,,Services,,"De Bohun and Honilands Primary Schools'","C/O Honilands Primary School Lovell Road",Enfield,,"EN1 4RE",UK,,info@schsmart.co.uk,+441702546066,,,,,,,,,,,,,,,,,,,,,,,,,,,,,,
https://www.contractsfinder.service.gov.uk/Published/Notice/releases/11909064-7a26-443d-bd7a-53a5f1ffbd21.json,2019-12-14T08:40:03Z,"BIP SOLUTIONS LIMITED",GB-GOVUK-crown_comercial_service,,https://www.contractsfinder.service.gov.uk,1.1,https://raw.githubusercontent.com/open-contracting/ocds_process_title_extension/v1.1/extension.json,https://www.nationalarchives.gov.uk/doc/open-government-licence/version/2/,https://www.gov.uk/government/publications/open-contracting,ocds-b5fd17-ff94ef2b-6077-4204-9e3d-d0e368e91dc7,ocds-b5fd17-ff94ef2b-6077-4204-9e3d-d0e368e91dc7-332333-bip81758305,en-GB,2019-12-14T08:40:03Z,tender,tender,BIP81758305,"Paper-based Feasibility study and possible future Demonstration of Mature Solutions for Improving Air Surveillance for the Purposes of Air Defence in Airspace affected by Wind Farms","Text to be corrected in the original notice:
        Place of text to be modified: VI.4
        Read: add:
        
        
        The Cyber Risk Profile for this requirement identified by the Cyber Risk Assessment is Low (Reference - RAR-GQE78ABZ).
        Other additional information: Suppliers must read through this set of instructions and follow the process to respond to this opportunity.
        
        The information and/or documents for this opportunity are available on https://www.contracts.mod.uk/delta. You must register on this site to respond, if you are already registered you will not need to register again, simply use your existing username and password. Please note there is a password reminder link on the homepage.
        
        Suppliers must log in, go to your Response Manager and add the following Access Code: 7P8629DRNT. Please ensure you follow any instruction provided to you here.
        
        The deadline for submitting your response(s) is 04/12/2020 23:55. Please ensure that you allow yourself plenty of time when responding to this invite prior to the closing date and time, especially if you have been asked to upload documents.
        
        ""The Cyber Risk Profile for this requirement identified by the Cyber Risk Assessment is Low (Reference - RAR-GQE78ABZ).""
        
        If you experience any difficulties please refer to the online Frequently Asked Questions (FAQ's) or the User Guides or contact the MOD DCO Helpdesk by emailing - support@contracts.mod.uk or call 0800 282 324.d Questions (FAQ's) or the User Guides or contact the MOD DCO Helpdesk by emailing - support@contracts.mod.uk or call 0800 282 324.
        
        
        
        The contracting authority considers that this contract may be suitable for economic operators that are small or medium enterprises (SMEs). However, any selection of tenderers will be based solely on the criteria set out for the procurement.The Authority reserves the right to amend any condition related to security of information to reflect any changes in national law or government policy.  If any contract documents are accompanied by instructions on safeguarding classified information (e.g. a Security Aspects Letter), the Authority reserves the right to amend the terms of these instructions to reflect any changes in national law or government policy, whether in respect of the applicable protective marking scheme, specific protective markings given, the aspects to which any protective marking applies, or otherwise.  The link below to the Gov.uk website provides information on the Government Security Classification.
        
        https://www.gov.uk/government/publications/government-security-classifications
        
         Advertising Regime OJEU:- This contract opportunity is published in the Official Journal of the European Union (OJEU),the MoD Defence Contracts Bulletin and www.contracts.mod.uk
        Wind turbines can adversely affect a number of MOD operations including radars, seismological recording equipment, communications facilities, naval operations and low flying. These effects are not limited to specific geographical areas. The",unsuccessful,1,"See description of related tender.",CPV,35722000,Radar,http://cpv.data.ac.uk/code-35722000.html,2,"See description of related tender.",CPV,38115100,"Radar surveillance equipment",http://cpv.data.ac.uk/code-38115100.html,3,"See description of related tender.",CPV,35723000,"Air defence radar",http://cpv.data.ac.uk/code-35723000.html,4,"See description of related tender.",CPV,38115000,"Radar apparatus",http://cpv.data.ac.uk/code-38115000.html,5,"See description of related tender.",CPV,31121340,"Wind farm",http://cpv.data.ac.uk/code-31121340.html,1,GBP,1000000,GBP,,"Restricted procedure",,,,,"Please apply directly to the buyer using the contact details provided, or follow the instructions given in the notice description or information section.",2020-01-31T00:00:00Z,,,1,"Contract start","Anticipated contract start date",2020-02-24T00:00:00Z,,2,"Contract end","Anticipated contract end date",2021-03-31T00:00:00Z,,1,,Services,,"Ministry of Defence, DE&S ISTAR, Windfarm Team","MOD Abbey Wood NH1, Yew 0b, #1044",Bristol,,"BS34 8JH",UK,,sue.hollingsbee632@mod.gov.uk,+447866158188,,,,,,,,,,,,,,,,,,,,,,,,,,,,,,
https://www.contractsfinder.service.gov.uk/Published/Notice/releases/37174652-142f-43c2-a0d0-869eb4c40660.json,2019-12-14T08:00:40Z,"BIP SOLUTIONS LIMITED",GB-GOVUK-crown_comercial_service,,https://www.contractsfinder.service.gov.uk,1.1,https://raw.githubusercontent.com/open-contracting/ocds_process_title_extension/v1.1/extension.json,https://www.nationalarchives.gov.uk/doc/open-government-licence/version/2/,https://www.gov.uk/government/publications/open-contracting,ocds-b5fd17-9923a9b5-9b2e-4a3e-a545-5384db915e5d,ocds-b5fd17-9923a9b5-9b2e-4a3e-a545-5384db915e5d-332332-bip456317759,en-GB,2019-12-14T08:00:40Z,award,tender,BIP456317759,"British Museum Integration Hub","The British Museum seeks to appoint a supplier to implement and support a software integration architecture solution.",complete,1,"See description of related tender.",CPV,48000000,"Software package and information systems",http://cpv.data.ac.uk/code-48000000.html,,,,,,,,,,,,,,,,,,,,,,,,,208450,GBP,825540,GBP,,"Restricted procedure",,,,,,2019-11-27T00:00:00Z,,,1,"Contract start","Anticipated contract start date",2019-11-28T00:00:00Z,,2,"Contract end","Anticipated contract end date",2024-11-26T00:00:00Z,,1,,Products,,"The British Museum","Great Russell Street ",London,,"WC1B 3DG",UK,,procurement@britishmuseum.org,+4402073238264,,c80e17b1-1f57-4e82-b7d4-39d067f06b8c,,"See description of related tender",active,2019-11-27T00:00:00Z,208450,GBP,0,,,,,,,"SnapLogic UK Ltd","20 Little Britain
        Londong
        EC1A 7DH",,,,,,,,,GBP,,2019-11-28T00:00:00Z,2024-11-26T00:00:00Z,
https://www.contractsfinder.service.gov.uk/Published/Notice/releases/1371208d-007a-4a65-857f-8090b2e76012.json,2019-12-14T07:00:38Z,"BIP SOLUTIONS LIMITED",GB-GOVUK-crown_comercial_service,,https://www.contractsfinder.service.gov.uk,1.1,https://raw.githubusercontent.com/open-contracting/ocds_process_title_extension/v1.1/extension.json,https://www.nationalarchives.gov.uk/doc/open-government-licence/version/2/,https://www.gov.uk/government/publications/open-contracting,ocds-b5fd17-3ce27963-a9d3-4b74-b56e-73b85f665075,ocds-b5fd17-3ce27963-a9d3-4b74-b56e-73b85f665075-332331-bip81353395,en-GB,2019-12-14T07:00:38Z,award,tender,BIP81353395,": Purchase, Delivery. Installation and Commissioning of a Semi-Anechoic Chamber","Defence Ordnance Safety Group, part of the UK Ministry of Defence, hereafter referred to as 'the Authority' has a requirement for the purchase, delivery, installation and commissioning of a Semi-Anechoic EMC chamber in order to perform emissions measurements of RF transmitters. The Chamber is required to be delivered, installed and commissioned at Caldicot, NP26 5AQ no later than 31st March 2020.",complete,1,"See description of related tender.",CPV,42992200,"Anechoic chamber",http://cpv.data.ac.uk/code-42992200.html,,,,,,,,,,,,,,,,,,,,,,,,,110000,GBP,0,GBP,,"Open procedure",,,,,,2019-12-10T00:00:00Z,,,1,"Contract start","Anticipated contract start date",2019-12-11T00:00:00Z,,2,"Contract end","Anticipated contract end date",2020-03-31T00:00:00Z,,1,,Products,,"Ministry of Defence, Weapons, Defence Ordnance Safety Group (DOSG)","Ministry of Defence Abbey Wood NH4, Fir 3B, ,#4310",Bristol,,"BS34 8JH",UK,,Jamie.Moore157@mod.gov.uk,+443067934033,,e0f6bcf7-3543-483c-8db3-8e244cae9e42,,"See description of related tender",active,2019-12-10T00:00:00Z,110000,GBP,0,,,,,,,"ETS-Lindgren Oy","Mekaanikontie 1
        27510 Eura",,,,,,,,,GBP,,2019-12-11T00:00:00Z,2020-03-31T00:00:00Z,
