uri,publishedDate,publisher/name,publisher/scheme,publisher/uid,publisher/uri,version,extensions/0,license,publicationPolicy,releases/0/ocid,releases/0/id,releases/0/language,releases/0/date,releases/0/tag/0,releases/0/initiationType,releases/0/tender/id,releases/0/tender/title,releases/0/tender/description,releases/0/tender/status,releases/0/tender/items/0/id,releases/0/tender/items/0/description,releases/0/tender/items/0/classification/scheme,releases/0/tender/items/0/classification/id,releases/0/tender/items/0/classification/description,releases/0/tender/items/0/classification/uri,releases/0/tender/minValue/amount,releases/0/tender/minValue/currency,releases/0/tender/value/amount,releases/0/tender/value/currency,releases/0/tender/procurementMethod,releases/0/tender/procurementMethodDetails,releases/0/tender/procurementMethodRationale,releases/0/tender/awardCriteria,releases/0/tender/awardCriteriaDetails,releases/0/tender/submissionMethod,releases/0/tender/submissionMethodDetails,releases/0/tender/tenderPeriod/endDate,releases/0/tender/hasEnquiries,releases/0/tender/eligibilityCriteria,releases/0/tender/milestones/0/id,releases/0/tender/milestones/0/title,releases/0/tender/milestones/0/description,releases/0/tender/milestones/0/dueDate,releases/0/tender/milestones/0/status,releases/0/tender/milestones/1/id,releases/0/tender/milestones/1/title,releases/0/tender/milestones/1/description,releases/0/tender/milestones/1/dueDate,releases/0/tender/milestones/1/status,releases/0/tender/xClassifications/isSuitableForSme,releases/0/tender/xClassifications/isSuitableForVco,releases/0/tender/xClassifications/ojeuContractType,releases/0/tender/supplyChain,releases/0/buyer/name,releases/0/buyer/address/streetAddress,releases/0/buyer/address/locality,releases/0/buyer/address/region,releases/0/buyer/address/postalCode,releases/0/buyer/address/countryName,releases/0/buyer/contactPoint/name,releases/0/buyer/contactPoint/email,releases/0/buyer/contactPoint/telephone,releases/0/buyer/contactPoint/faxNumber,releases/0/awards/0/id,releases/0/awards/0/title,releases/0/awards/0/description,releases/0/awards/0/status,releases/0/awards/0/date,releases/0/awards/0/value/amount,releases/0/awards/0/value/currency,releases/0/awards/0/suppliers/0/id,releases/0/awards/0/suppliers/0/identifier/scheme,releases/0/awards/0/suppliers/0/identifier/id,releases/0/awards/0/suppliers/0/identifier/legalName,releases/0/awards/0/suppliers/0/identifier/uri,releases/0/awards/0/suppliers/0/sme,releases/0/awards/0/suppliers/0/vco,releases/0/awards/0/suppliers/0/name,releases/0/awards/0/suppliers/0/address/streetAddress,releases/0/awards/0/suppliers/0/address/locality,releases/0/awards/0/suppliers/0/address/region,releases/0/awards/0/suppliers/0/address/postalCode,releases/0/awards/0/suppliers/0/address/countryName,releases/0/awards/0/suppliers/0/contactPoint/name,releases/0/awards/0/suppliers/0/contactPoint/email,releases/0/awards/0/suppliers/0/contactPoint/telephone,releases/0/awards/0/suppliers/0/contactPoint/faxNumber,releases/0/awards/0/suppliers/0/x_awardValue/currency,releases/0/awards/0/suppliers/0/x_awardValue/amount,releases/0/awards/0/contractPeriod/startDate,releases/0/awards/0/contractPeriod/endDate
https://www.contractsfinder.service.gov.uk/Published/Notice/releases/01044712-f944-4dc4-9dc2-a31b49d48e99.json,2019-12-28T00:00:20Z,"BIP SOLUTIONS LIMITED",GB-GOVUK-crown_comercial_service,,https://www.contractsfinder.service.gov.uk,1.1,https://raw.githubusercontent.com/open-contracting/ocds_process_title_extension/v1.1/extension.json,https://www.nationalarchives.gov.uk/doc/open-government-licence/version/2/,https://www.gov.uk/government/publications/open-contracting,ocds-b5fd17-e7603aba-a47b-48b8-9b3e-b0f4ec611f94,ocds-b5fd17-e7603aba-a47b-48b8-9b3e-b0f4ec611f94-334545-bip460370878,en-GB,2019-12-28T00:00:20Z,tender,tender,BIP460370878,"Holy Cross MAC ~ Multi-functional and Reprographic Devices and Associated Print Services Tender","The successful Supplier will be required to provide multi-functional and reprographic devices and associated print services for Holy Cross MAC at the following schools:
      Cardinal Newman Catholic School
      Bishop Ullathorne Catholic School
      St Thomas More Catholic Primary School
      Christ the King Catholic Primary School
      St Augustine's Catholic Primary Schoo
      St John Vianney Catholic Primary School
      St Elizabeth's Catholic Primary School",unsuccessful,1,"See description of related tender.",CPV,30192400,"Reprographic supplies",http://cpv.data.ac.uk/code-30192400.html,0,GBP,0,GBP,,"Restricted procedure",,,,,"Please apply directly to the buyer using the contact details provided, or follow the instructions given in the notice description or information section.",2020-01-24T00:00:00Z,,,1,"Contract start","Anticipated contract start date",2020-08-01T00:00:00Z,,2,"Contract end","Anticipated contract end date",2025-07-31T00:00:00Z,,1,,Services,,"Holy Cross Catholic Multi Academy Company","Heathcote Street ",Coventry,,"CV6 3BL",UK,,tenders@litmuspartnership.co.uk,+441276673880,,,,,,,,,,,,,,,,,,,,,,,,,,,,,
https://www.contractsfinder.service.gov.uk/Published/Notice/releases/2bcbc748-c550-49af-9b63-9906acfd9954.json,2019-12-28T00:00:17Z,"BIP SOLUTIONS LIMITED",GB-GOVUK-crown_comercial_service,,https://www.contractsfinder.service.gov.uk,1.1,https://raw.githubusercontent.com/open-contracting/ocds_process_title_extension/v1.1/extension.json,https://www.nationalarchives.gov.uk/doc/open-government-licence/version/2/,https://www.gov.uk/government/publications/open-contracting,ocds-b5fd17-b153821b-82cd-4660-bc26-31cd6db07b8b,ocds-b5fd17-b153821b-82cd-4660-bc26-31cd6db07b8b-334544-bip460361249,en-GB,2019-12-28T00:00:17Z,tender,tender,BIP460361249,"Holy Cross MAC ~ Cleaning Services Tender","The successful Supplier will be required to provide cleaning services for Holy Cross MAC at the following schools:
      Cardinal Newman Catholic School
      Bishop Ullathorne Catholic School
      St Thomas More Catholic Primary School
      Christ the King Catholic Primary School
      St Augustine's Catholic Primary School
      St John Vianney Catholic Primary School
      St Elizabeth's Catholic Primary School",unsuccessful,1,"See description of related tender.",CPV,90919300,"School cleaning services",http://cpv.data.ac.uk/code-90919300.html,0,GBP,0,GBP,,"Restricted procedure",,,,,"Please apply directly to the buyer using the contact details provided, or follow the instructions given in the notice description or information section.",2020-01-24T00:00:00Z,,,1,"Contract start","Anticipated contract start date",2020-08-01T00:00:00Z,,2,"Contract end","Anticipated contract end date",2025-07-31T00:00:00Z,,1,,Services,,"Holy Cross Catholic Multi Academy Company","Heathcote Street ",Coventry,,"CV6 3BL",UK,,tenders@litmuspartnership.co.uk,+441276673880,,,,,,,,,,,,,,,,,,,,,,,,,,,,,
https://www.contractsfinder.service.gov.uk/Published/Notice/releases/df1455b2-768a-401b-bab0-460370f45352.json,2019-12-28T00:00:13Z,"BIP SOLUTIONS LIMITED",GB-GOVUK-crown_comercial_service,,https://www.contractsfinder.service.gov.uk,1.1,https://raw.githubusercontent.com/open-contracting/ocds_process_title_extension/v1.1/extension.json,https://www.nationalarchives.gov.uk/doc/open-government-licence/version/2/,https://www.gov.uk/government/publications/open-contracting,ocds-b5fd17-87494429-2be3-4735-90b3-0e5abbda2cc4,ocds-b5fd17-87494429-2be3-4735-90b3-0e5abbda2cc4-334543-bip460200048,en-GB,2019-12-28T00:00:13Z,award,tender,BIP460200048,"Technical Adviser for the Climate Finance Accelerator Programme","The Department for Business Energy and Industrial Strategy (BEIS) intends to appoint a Technical Advisor (TA) to assist with the design, set-up and implementation of a new International Climate Finance programme, the Climate Finance Accelerator (CFA), which is set to be launched in 2020.   
      The CFA will support emerging economies to translate their Nationally Determined Contributions (NDCs) - commitments made under the Paris Agreement - into 'climate investment plans', which consist of a pipeline of bankable, low-carbon projects. A series of pilot activities were undertaken from 2017 until present to test the CFA concept and a Delivery Partner (DP) will be procured within the coming months to lead programme implementation. Details about this will be disclosed in due course. Under the supervision of the BEIS programme team, the TA will support BEIS to develop the specification for, and to procure, the CFA DP, and they will subsequently oversee and support programme delivery.",complete,1,"See description of related tender.",CPV,79412000,"Financial management consultancy services",http://cpv.data.ac.uk/code-79412000.html,200000,GBP,0,GBP,,"Other - ",,,,,,2019-12-05T00:00:00Z,,,1,"Contract start","Anticipated contract start date",2020-01-06T00:00:00Z,,2,"Contract end","Anticipated contract end date",2022-07-31T00:00:00Z,,1,,Services,,"Department for Business, Energy and Industrial Strategy (BEIS)","1 Victoria St, ",London,,"SW1H 0ET",UK,,internationalclimateandenergy.procurement@beis.gov.uk,+442072156556,,e0ea617d-8683-4cf0-8ed7-fe929472077b,,"See description of related tender",active,2019-12-05T00:00:00Z,200000,GBP,0,,,,,,,"Ian Callaghan Associates Limited","Paddock Cottage,
        Deanland,
        Sixpenny Handley,
        Dorset
        SP5 5PD",,,,,,,,,GBP,,2020-01-06T00:00:00Z,2022-07-31T00:00:00Z
https://www.contractsfinder.service.gov.uk/Published/Notice/releases/2a210566-378f-4080-8014-810cfe9334b5.json,2019-12-28T00:00:07Z,"BIP SOLUTIONS LIMITED",GB-GOVUK-crown_comercial_service,,https://www.contractsfinder.service.gov.uk,1.1,https://raw.githubusercontent.com/open-contracting/ocds_process_title_extension/v1.1/extension.json,https://www.nationalarchives.gov.uk/doc/open-government-licence/version/2/,https://www.gov.uk/government/publications/open-contracting,ocds-b5fd17-a194edb0-807a-43fe-8aeb-ead53b610965,ocds-b5fd17-a194edb0-807a-43fe-8aeb-ead53b610965-334542-bip460346541,en-GB,2019-12-28T00:00:07Z,tender,tender,BIP460346541,"Celtic Cross Education ~ Cleaning Services Tender","The successful Supplier will be required to provide cleaning services for Celtic Cross Education at the following schools:
      •Lerryn CofE Primary School
      •St Winnow CofE School
      •St Mabyn CofE Primary School
      •St Tudy CofE VA Primary School
      •Bishop Bronescombe CofE School
      •St Petroc's CofE Primary School
      •Marhamchurch CofE VC Primary School
      •Grampound Road Village CE School
      •Grampound with Creed CofE School
      •Veryan CofE Primary School
      •Ladock CofE School
      •St Michael's CofE Primary School",unsuccessful,1,"See description of related tender.",CPV,90919300,"School cleaning services",http://cpv.data.ac.uk/code-90919300.html,0,GBP,0,GBP,,"Restricted procedure",,,,,"Please apply directly to the buyer using the contact details provided, or follow the instructions given in the notice description or information section.",2020-01-24T00:00:00Z,,,1,"Contract start","Anticipated contract start date",2020-09-01T00:00:00Z,,2,"Contract end","Anticipated contract end date",2025-08-31T00:00:00Z,,1,,Services,,"Celtic Cross Education","Unit 15 Victoria Trading Estate Victoria Business Park","St Austell",,"PL26 8LX",UK,,tenders@litmuspartnership.co.uk,+441276673880,,,,,,,,,,,,,,,,,,,,,,,,,,,,,
