uri,publishedDate,publisher/name,publisher/scheme,publisher/uid,publisher/uri,version,extensions/0,license,publicationPolicy,releases/0/ocid,releases/0/id,releases/0/language,releases/0/date,releases/0/tag/0,releases/0/initiationType,releases/0/tender/id,releases/0/tender/title,releases/0/tender/description,releases/0/tender/status,releases/0/tender/items/0/id,releases/0/tender/items/0/description,releases/0/tender/items/0/classification/scheme,releases/0/tender/items/0/classification/id,releases/0/tender/items/0/classification/description,releases/0/tender/items/0/classification/uri,releases/0/tender/items/1/id,releases/0/tender/items/1/description,releases/0/tender/items/1/classification/scheme,releases/0/tender/items/1/classification/id,releases/0/tender/items/1/classification/description,releases/0/tender/items/1/classification/uri,releases/0/tender/items/2/id,releases/0/tender/items/2/description,releases/0/tender/items/2/classification/scheme,releases/0/tender/items/2/classification/id,releases/0/tender/items/2/classification/description,releases/0/tender/items/2/classification/uri,releases/0/tender/items/3/id,releases/0/tender/items/3/description,releases/0/tender/items/3/classification/scheme,releases/0/tender/items/3/classification/id,releases/0/tender/items/3/classification/description,releases/0/tender/items/3/classification/uri,releases/0/tender/minValue/amount,releases/0/tender/minValue/currency,releases/0/tender/value/amount,releases/0/tender/value/currency,releases/0/tender/procurementMethod,releases/0/tender/procurementMethodDetails,releases/0/tender/procurementMethodRationale,releases/0/tender/awardCriteria,releases/0/tender/awardCriteriaDetails,releases/0/tender/submissionMethod,releases/0/tender/submissionMethodDetails,releases/0/tender/tenderPeriod/endDate,releases/0/tender/hasEnquiries,releases/0/tender/eligibilityCriteria,releases/0/tender/milestones/0/id,releases/0/tender/milestones/0/title,releases/0/tender/milestones/0/description,releases/0/tender/milestones/0/dueDate,releases/0/tender/milestones/0/status,releases/0/tender/milestones/1/id,releases/0/tender/milestones/1/title,releases/0/tender/milestones/1/description,releases/0/tender/milestones/1/dueDate,releases/0/tender/milestones/1/status,releases/0/tender/xClassifications/isSuitableForSme,releases/0/tender/xClassifications/isSuitableForVco,releases/0/tender/xClassifications/ojeuContractType,releases/0/tender/supplyChain,releases/0/buyer/name,releases/0/buyer/address/streetAddress,releases/0/buyer/address/locality,releases/0/buyer/address/region,releases/0/buyer/address/postalCode,releases/0/buyer/address/countryName,releases/0/buyer/contactPoint/name,releases/0/buyer/contactPoint/email,releases/0/buyer/contactPoint/telephone,releases/0/buyer/contactPoint/faxNumber,releases/0/buyer/contactPoint/uri,releases/0/awards/0/id,releases/0/awards/0/title,releases/0/awards/0/description,releases/0/awards/0/status,releases/0/awards/0/date,releases/0/awards/0/value/amount,releases/0/awards/0/value/currency,releases/0/awards/0/suppliers/0/id,releases/0/awards/0/suppliers/0/identifier/scheme,releases/0/awards/0/suppliers/0/identifier/id,releases/0/awards/0/suppliers/0/identifier/legalName,releases/0/awards/0/suppliers/0/identifier/uri,releases/0/awards/0/suppliers/0/sme,releases/0/awards/0/suppliers/0/vco,releases/0/awards/0/suppliers/0/name,releases/0/awards/0/suppliers/0/address/streetAddress,releases/0/awards/0/suppliers/0/address/locality,releases/0/awards/0/suppliers/0/address/region,releases/0/awards/0/suppliers/0/address/postalCode,releases/0/awards/0/suppliers/0/address/countryName,releases/0/awards/0/suppliers/0/contactPoint/name,releases/0/awards/0/suppliers/0/contactPoint/email,releases/0/awards/0/suppliers/0/contactPoint/telephone,releases/0/awards/0/suppliers/0/contactPoint/faxNumber,releases/0/awards/0/suppliers/0/x_awardValue/currency,releases/0/awards/0/suppliers/0/x_awardValue/amount,releases/0/awards/0/contractPeriod/startDate,releases/0/awards/0/contractPeriod/endDate
https://www.contractsfinder.service.gov.uk/Published/Notice/releases/855c7e72-a82b-4dfb-9028-65ae284abe6a.json,2019-12-01T21:13:40Z,"DEPARTMENT OF HEALTH AND SOCIAL CARE",GB-GOVUK-crown_comercial_service,,https://www.contractsfinder.service.gov.uk,1.1,https://raw.githubusercontent.com/open-contracting/ocds_process_title_extension/v1.1/extension.json,https://www.nationalarchives.gov.uk/doc/open-government-licence/version/2/,https://www.gov.uk/government/publications/open-contracting,ocds-b5fd17-b89eca56-5bcc-4ecc-99bd-4401b1e37d4a,ocds-b5fd17-b89eca56-5bcc-4ecc-99bd-4401b1e37d4a-329573-dhsc-cr-s-5,en-GB,2019-12-01T21:13:40Z,awardUpdate,tender,"DHSC CR-S-5","Provision of National Institute for Health Research Information Systems Function","National Institute for Health Research
(NIHR) Information Systems",complete,1,"See description of related tender.",CPV,72000000,"IT services: consulting, software development, Internet and support",http://cpv.data.ac.uk/code-72000000.html,,,,,,,,,,,,,,,,,,,5429600,GBP,0,GBP,selective,"Call off from a Framework Agreement",,,,,,2017-08-31T00:00:00Z,,,1,"Contract start","Anticipated contract start date",2017-09-01T00:00:00Z,,2,"Contract end","Anticipated contract end date",2020-08-31T00:00:00Z,,1,1,Services,,"Department of Health","Quarry House ",Leeds,,"LS2 7UE",England,"Simon Archibald",cm@dhsc.gov.uk,,,,efc5509c-7067-45f5-a70e-5ad9028c0828,,"See description of related tender",active,2017-08-31T00:00:00Z,5429600,GBP,0,,,,,,,"PA Consulting Services Ltd","123 Buckingham Palace Road
London
SW1W 9SR",,,,,,,,,GBP,,2017-09-01T00:00:00Z,2020-08-31T00:00:00Z
https://www.contractsfinder.service.gov.uk/Published/Notice/releases/9230272b-f934-44f6-a36d-228dbee3b4c0.json,2019-12-01T18:40:02Z,"BIP SOLUTIONS LIMITED",GB-GOVUK-crown_comercial_service,,https://www.contractsfinder.service.gov.uk,1.1,https://raw.githubusercontent.com/open-contracting/ocds_process_title_extension/v1.1/extension.json,https://www.nationalarchives.gov.uk/doc/open-government-licence/version/2/,https://www.gov.uk/government/publications/open-contracting,ocds-b5fd17-e0210a7e-4f46-48be-9b4e-694ef18bfa3e,ocds-b5fd17-e0210a7e-4f46-48be-9b4e-694ef18bfa3e-329572-bip450471618,en-GB,2019-12-01T18:40:02Z,tender,tender,BIP450471618,"Cleaning and Security","Notting Hill intends to procure a single service provider (for a four-year duration) with the option to extend up to two further periods of one year each.Notting Hill Genesis are looking to enter into a long-term contract with a single service provider to provide a Cleaning and Security service at various times (Monday - Sunday) at   their main offices. There are 6 offices in total and the service include a combination of cleaning, security,
      grounds maintenance, window cleaning and general office cleaning. We are looking for someone who will be able to provide Notting Hill Genesis with a quality service.",unsuccessful,1,"See description of related tender.",CPV,90919200,"Office cleaning services",http://cpv.data.ac.uk/code-90919200.html,,,,,,,,,,,,,,,,,,,0,GBP,0,GBP,,"Restricted procedure",,,,,"Please apply directly to the buyer using the contact details provided, or follow the instructions given in the notice description or information section.",2020-01-03T00:00:00Z,,,1,"Contract start","Anticipated contract start date",2020-04-01T00:00:00Z,,2,"Contract end","Anticipated contract end date",2024-04-01T00:00:00Z,,,,Services,,"NOTTING HILL GENESIS","Bruce Kenrick House 2 Killick Street",London,,"N1 9FL",UK,,lorraine.taylor@nhg.org.uk,+447540122911,,,,,,,,,,,,,,,,,,,,,,,,,,,,,,
https://www.contractsfinder.service.gov.uk/Published/Notice/releases/a1dcb1f2-364f-4e6d-bc06-43f4bb805ae3.json,2019-12-01T15:20:04Z,"BIP SOLUTIONS LIMITED",GB-GOVUK-crown_comercial_service,,https://www.contractsfinder.service.gov.uk,1.1,https://raw.githubusercontent.com/open-contracting/ocds_process_title_extension/v1.1/extension.json,https://www.nationalarchives.gov.uk/doc/open-government-licence/version/2/,https://www.gov.uk/government/publications/open-contracting,ocds-b5fd17-8bc40093-4ba0-4895-890b-b9facdfcc7f7,ocds-b5fd17-8bc40093-4ba0-4895-890b-b9facdfcc7f7-329571-bip81312577,en-GB,2019-12-01T15:20:04Z,award,tender,BIP81312577,"CSA/5001 - In-Service Support for RN EOS & GPC","In-Service Support for Electro-Optical System (""EOS"") and Glide-Path Camera (""GPC"") equipment fitted to the Royal Navy fleet.",complete,1,"See description of related tender.",CPV,35500000,"Warships and associated parts",http://cpv.data.ac.uk/code-35500000.html,,,,,,,,,,,,,,,,,,,5600000,GBP,0,GBP,,"Not specified",,,,,,2019-11-22T00:00:00Z,,,1,"Contract start","Anticipated contract start date",2020-02-01T00:00:00Z,,2,"Contract end","Anticipated contract end date",2025-02-01T00:00:00Z,,,,Services,,"Ministry of Defence, Ships, Communications and Situational Awareness (CSA)","MOD Abbey Wood ",Bristol,,"BS34 8JH",UK,,zach.reade100@mod.gov.uk,+441179130893,,,043250d9-021b-4796-a937-54292a79ae8d,,"See description of related tender",active,2019-11-22T00:00:00Z,5600000,GBP,0,,,,,,,"Ultra Electronics Limited","Command and Sonar Systems
        Bridport Road
        Greenford
        Middlesex
        UB6 8UA",,,,,,,,,GBP,,2020-02-01T00:00:00Z,2025-02-01T00:00:00Z
https://www.contractsfinder.service.gov.uk/Published/Notice/releases/27690d41-7a0b-4b42-a63d-3031c686b2c2.json,2019-12-01T15:00:04Z,"BIP SOLUTIONS LIMITED",GB-GOVUK-crown_comercial_service,,https://www.contractsfinder.service.gov.uk,1.1,https://raw.githubusercontent.com/open-contracting/ocds_process_title_extension/v1.1/extension.json,https://www.nationalarchives.gov.uk/doc/open-government-licence/version/2/,https://www.gov.uk/government/publications/open-contracting,ocds-b5fd17-19c142f3-4c1b-4315-ba1d-f0aa5f91d387,ocds-b5fd17-19c142f3-4c1b-4315-ba1d-f0aa5f91d387-329570-bip452303485,en-GB,2019-12-01T15:00:04Z,tender,tender,BIP452303485,"Catering Tender for St Joseph's Catholic High School","This tender process is targeted for contract in place to commence in June 2020.The process includes creation of a select bidder list following SQ process (within which the scoring criteria is included). SQ and tender documents are available electronically via the email address in section 1 and the URL address noted in the same section. Following analysis of SQ's, select bidders will attend a site survey and briefing in January. Tender response deadline is planned for early March 2020 and interviews (if required) will take place in late March. The contract will be for a 3 +1 +1 year",unsuccessful,1,"See description of related tender.",CPV,55524000,"School catering services",http://cpv.data.ac.uk/code-55524000.html,,,,,,,,,,,,,,,,,,,0,GBP,0,GBP,,"Restricted procedure",,,,,"Please apply directly to the buyer using the contact details provided, or follow the instructions given in the notice description or information section.",2019-12-28T00:00:00Z,,,1,"Contract start","Anticipated contract start date",2020-06-01T00:00:00Z,,2,"Contract end","Anticipated contract end date",2023-05-31T00:00:00Z,,1,,Services,,"St Joseph's Catholic High School","Chorley New Road ",Bolton,,"BL6 6HW",UK,,ray@rpj3group.co.uk,+447771768234,,,,,,,,,,,,,,,,,,,,,,,,,,,,,,
https://www.contractsfinder.service.gov.uk/Published/Notice/releases/75be696d-aedb-4111-91d1-896af4c2abfa.json,2019-12-01T14:30:44Z,"EU SUPPLY LIMITED",GB-GOVUK-crown_comercial_service,,https://www.contractsfinder.service.gov.uk,1.1,https://raw.githubusercontent.com/open-contracting/ocds_process_title_extension/v1.1/extension.json,https://www.nationalarchives.gov.uk/doc/open-government-licence/version/2/,https://www.gov.uk/government/publications/open-contracting,ocds-b5fd17-4af585ea-c386-4082-8f67-10533b093afe,ocds-b5fd17-4af585ea-c386-4082-8f67-10533b093afe-329569-20191201143038-3510,en-GB,2019-12-01T14:30:44Z,tender,tender,20191201143038-3510,"FRAMEWORK FOR THE PROJECT DELIVERY RESOURCE & SUPPORT SERVICES","INS have identified a requirement for Programme and Project support; A supplier  to provide suitably qualified individuals and resources to support peaks in demand in an agile, compliant manor.",unsuccessful,1,"See description of related tender.",CPV,72224000,"Project management consultancy services",http://cpv.data.ac.uk/code-72224000.html,2,"See description of related tender.",CPV,79400000,"Business and management consultancy and related services",http://cpv.data.ac.uk/code-79400000.html,3,"See description of related tender.",CPV,79410000,"Business and management consultancy services",http://cpv.data.ac.uk/code-79410000.html,4,"See description of related tender.",CPV,79996000,"Business organisation services",http://cpv.data.ac.uk/code-79996000.html,0,GBP,2000000,GBP,,"Open procedure",,,,,"Please apply directly to the buyer using the contact details provided, or follow the instructions given in the notice description or information section.",2020-01-10T00:00:00Z,,,1,"Contract start","Anticipated contract start date",2020-04-01T00:00:00Z,,2,"Contract end","Anticipated contract end date",2024-03-31T00:00:00Z,,1,,Services,,"CTM Portal for the NDA Shared Services Alliance","HINTON HOUSE CHESHIRE",WARRINGTON,,WA36GR,ENG,"Christina  Colgan",Christina.colgan@innuserv.com,"+44 1925802641",,https://www.gov.uk/government/case-studies/shared-services-alliance-ssa-for-nuclear-decommissioning-estate,,,,,,,,,,,,,,,,,,,,,,,,,,,,
https://www.contractsfinder.service.gov.uk/Published/Notice/releases/bbef6ae0-1eb1-4fa6-b256-5e3b7ea1a4d1.json,2019-12-01T12:50:03Z,"BIP SOLUTIONS LIMITED",GB-GOVUK-crown_comercial_service,,https://www.contractsfinder.service.gov.uk,1.1,https://raw.githubusercontent.com/open-contracting/ocds_process_title_extension/v1.1/extension.json,https://www.nationalarchives.gov.uk/doc/open-government-licence/version/2/,https://www.gov.uk/government/publications/open-contracting,ocds-b5fd17-8e20ff0b-b0d6-40d4-95cf-1dce2282b0ea,ocds-b5fd17-8e20ff0b-b0d6-40d4-95cf-1dce2282b0ea-329568-bip452232381,en-GB,2019-12-01T12:50:03Z,award,tender,BIP452232381,"Broadwater School","Broadwater School, are requesting tender responses from suitably qualified cleaning contractors to deliver a daily, weekly, monthly,quarterly and periodic cleaning service to the school buildings. Further details can be found within the attached documents.",complete,1,"See description of related tender.",CPV,90911200,"Building-cleaning services",http://cpv.data.ac.uk/code-90911200.html,,,,,,,,,,,,,,,,,,,274747,GBP,292039,GBP,,"Open procedure",,,,,,2019-11-25T00:00:00Z,,,1,"Contract start","Anticipated contract start date",2021-01-01T00:00:00Z,,2,"Contract end","Anticipated contract end date",2024-03-31T00:00:00Z,,,,Services,,"Broadwater School","Summers Lane ",Godalming,,"GU7 3BW",UK,"Nigel Armstrong",info@na-consultancy.co.uk,+447900784030,,,5ddf1a0a-ca0b-43b4-b439-a4657e79b056,,"See description of related tender",active,2019-11-25T00:00:00Z,274747,GBP,0,,,,,,,"KGB Cleaning South West Ltd","10 Hillside
        Burghfield  Common
        Reading
        RG7 3BQ",,,,,,,,,GBP,,2021-01-01T00:00:00Z,2024-03-31T00:00:00Z
https://www.contractsfinder.service.gov.uk/Published/Notice/releases/8b622270-e24f-4e5b-88eb-aff45e41d704.json,2019-12-01T11:59:58Z,"DUE NORTH LIMITED",GB-GOVUK-crown_comercial_service,,https://www.contractsfinder.service.gov.uk,1.1,https://raw.githubusercontent.com/open-contracting/ocds_process_title_extension/v1.1/extension.json,https://www.nationalarchives.gov.uk/doc/open-government-licence/version/2/,https://www.gov.uk/government/publications/open-contracting,ocds-b5fd17-dbb65708-d477-4e61-ae2f-1ca5eea7f494,ocds-b5fd17-dbb65708-d477-4e61-ae2f-1ca5eea7f494-329567-luton001-dn434770-75087956,en-GB,2019-12-01T11:59:58Z,tender,tender,LUTON001-DN434770-75087956,"To procure agency to secure sponsorship for the DART.","This invitation to tender ITT, seeks expressions of interest from suitably experienced and qualified  specialist Sponsorship agency who will work with London Luton Airport Ltd to maximise revenue and social impact gained directly through an innovative programme of commercial sponsorship opportunities,  arising from the introduction of a bespoke new mass passenger transit system ( Luton DART) linking London Luton Airport (the UKs largest growing airport) with Luton Parkway Station, part of the national rail network.",unsuccessful,1,"See description of related tender.",CPV,79340000,"Advertising and marketing services",http://cpv.data.ac.uk/code-79340000.html,,,,,,,,,,,,,,,,,,,200000,GBP,200000,GBP,,"Open procedure",,,,,"Please apply directly to the buyer using the contact details provided, or follow the instructions given in the notice description or information section.",2020-01-03T00:00:00Z,,,1,"Contract start","Anticipated contract start date",2020-01-31T00:00:00Z,,2,"Contract end","Anticipated contract end date",2021-12-31T00:00:00Z,,,,Services,,"Luton Council","Town Hall George Street",Luton,,"LU1 2BQ",England,"Henrietta Jacobs",henrietta.jacobs@luton.gov.uk,"+44 1582548064",,http://www.luton.gov.uk,,,,,,,,,,,,,,,,,,,,,,,,,,,,
https://www.contractsfinder.service.gov.uk/Published/Notice/releases/955c471c-e31f-446b-9218-966b5588058f.json,2019-12-01T11:20:03Z,"BIP SOLUTIONS LIMITED",GB-GOVUK-crown_comercial_service,,https://www.contractsfinder.service.gov.uk,1.1,https://raw.githubusercontent.com/open-contracting/ocds_process_title_extension/v1.1/extension.json,https://www.nationalarchives.gov.uk/doc/open-government-licence/version/2/,https://www.gov.uk/government/publications/open-contracting,ocds-b5fd17-1de9edb9-24a3-4016-a8f6-5d6a67473b7f,ocds-b5fd17-1de9edb9-24a3-4016-a8f6-5d6a67473b7f-329566-bip449940317,en-GB,2019-12-01T11:20:03Z,tender,tender,BIP449940317,"The Supply of Major AV & Production Services","The scope of the contract is to provide audio-visual production services to Scottish Water for large and small-scale events. You will be expected to work with Scottish Water and its appointed creative partners to understand event design and provide creative audio-visual production solutions.  You will be expected to provide solutions for activities and set production, source and supply reliable and effective audio-visual equipment and event kit for production of events, transport and install audio-visual equipment, attend set-up days and provide on-site support on event days. We also expect the appointed supplier, where possible, to provide quality sustainable products and be making ongoing improvements to reduce their environmental impact and support a sustainable event.
      
      It is a minimum required that the supplier must be able to deliver the service pan Scotland. Suppliers that can only deliver the service to regions of Scotland will not be considered.",unsuccessful,1,"See description of related tender.",CPV,79952000,"Event services",http://cpv.data.ac.uk/code-79952000.html,,,,,,,,,,,,,,,,,,,0,GBP,0,GBP,,"Negotiated procedure",,,,,"Please apply directly to the buyer using the contact details provided, or follow the instructions given in the notice description or information section.",2020-01-08T00:00:00Z,,,1,"Contract start","Anticipated contract start date",2020-02-28T00:00:00Z,,2,"Contract end","Anticipated contract end date",2023-02-28T00:00:00Z,,1,1,Services,,"Scottish Water","6 Buchanan Gate ",Glasgow,,"G33 6FB",UK,,andrew.mulvay@scottishwater.co.uk,+447768545959,,,,,,,,,,,,,,,,,,,,,,,,,,,,,,
https://www.contractsfinder.service.gov.uk/Published/Notice/releases/06b71e86-40e6-4171-8240-c5dcc3904447.json,2019-12-01T11:06:11Z,"DUE NORTH LIMITED",GB-GOVUK-crown_comercial_service,,https://www.contractsfinder.service.gov.uk,1.1,https://raw.githubusercontent.com/open-contracting/ocds_process_title_extension/v1.1/extension.json,https://www.nationalarchives.gov.uk/doc/open-government-licence/version/2/,https://www.gov.uk/government/publications/open-contracting,ocds-b5fd17-07136787-fc3c-4b92-a617-48e8fe8ef473,ocds-b5fd17-07136787-fc3c-4b92-a617-48e8fe8ef473-329565-bucksh001-dn450746-00705282,en-GB,2019-12-01T11:06:11Z,award,tender,BUCKSH001-DN450746-00705282,"Hughenden Primary School","Supply and Fit new doors and automatic openers",complete,1,"See description of related tender.",CPV,45453000,"Overhaul and refurbishment work",http://cpv.data.ac.uk/code-45453000.html,,,,,,,,,,,,,,,,,,,17500,GBP,17500,GBP,,"Restricted procedure",,,,,,2019-09-25T00:00:00Z,,,1,"Contract start","Anticipated contract start date",2020-02-17T00:00:00Z,,2,"Contract end","Anticipated contract end date",2020-02-21T00:00:00Z,,1,,Works,,"Buckinghamshire County Council","1) NCO Walton Street",Aylesbury,,"HP20 1YQ",England,"Matthew Hayward",mahayward@buckscc.gov.uk,"+44 1296387058",,http://www.buckscc.gov.uk,7d51fce1-786a-4cb5-a972-4b81e3b9d12e,,"See description of related tender",active,2019-12-01T00:00:00Z,16530,GBP,0,,,,,1,,"Reactive Doors Ltd","2 Cottage Common, Loughton, Milton Keynes Buckinghamshire MK5 8AE",,,,,,,,,GBP,,2020-02-17T00:00:00Z,2020-02-21T00:00:00Z
https://www.contractsfinder.service.gov.uk/Published/Notice/releases/4e1be82d-d93e-4379-96c6-33f9f0550d94.json,2019-12-01T10:00:08Z,"BIP SOLUTIONS LIMITED",GB-GOVUK-crown_comercial_service,,https://www.contractsfinder.service.gov.uk,1.1,https://raw.githubusercontent.com/open-contracting/ocds_process_title_extension/v1.1/extension.json,https://www.nationalarchives.gov.uk/doc/open-government-licence/version/2/,https://www.gov.uk/government/publications/open-contracting,ocds-b5fd17-3173b013-aba5-42a2-b07c-978e7a965003,ocds-b5fd17-3173b013-aba5-42a2-b07c-978e7a965003-329564-bip437195792,en-GB,2019-12-01T10:00:08Z,tenderAmendment,tender,BIP437195792,"Media Buying and SEO Services","Text to be corrected in the original notice:
        Place of text to be modified: Conditions for opening of tenders
        Instead of: 30 November 2019
        Time: 12:00
        Read New: 03 December 2019
        Time: 12:00
        Place of text to be modified: IV.2.2 Time limit for receipt of tenders or requests to participate
        Instead of: 30 November 2019
        Time: 12:00
        Read New: 03 December 2019
        Time: 12:00
        Other additional information: The contracting authority considers that this contract may be suitable for economic operators that are small or medium enterprises (SMEs). However, any selection of tenderers will be based solely on the criteria set out for the procurement.
        City, University of London is seeking to appoint by tender:
        1. an agency who can strategically advise upon and instigate integrated media buying activity: and
        2. an external Search Engine Optimization agency to manage its search marketing. City's websites www.city.ac.uk and www.cass.city.ac.uk are central to the successful marketing of City and to the recruitment of students to its courses",unsuccessful,1,"See description of related tender.",CPV,79342000,"Marketing services",http://cpv.data.ac.uk/code-79342000.html,,,,,,,,,,,,,,,,,,,0,GBP,0,GBP,,"Open procedure",,,,,"Please apply directly to the buyer using the contact details provided, or follow the instructions given in the notice description or information section.",2019-11-30T00:00:00Z,,,1,"Contract start","Anticipated contract start date",2020-03-01T00:00:00Z,,2,"Contract end","Anticipated contract end date",2023-02-28T00:00:00Z,,1,1,Services,,"City, University of London","Northampton Square ",London,,"EC1V 0HB",UK,,procurement@city.ac.uk,+442070400196,,,,,,,,,,,,,,,,,,,,,,,,,,,,,,
https://www.contractsfinder.service.gov.uk/Published/Notice/releases/b200795e-f8b5-4d65-af89-3e3f2edbceb8.json,2019-12-01T10:00:05Z,"BIP SOLUTIONS LIMITED",GB-GOVUK-crown_comercial_service,,https://www.contractsfinder.service.gov.uk,1.1,https://raw.githubusercontent.com/open-contracting/ocds_process_title_extension/v1.1/extension.json,https://www.nationalarchives.gov.uk/doc/open-government-licence/version/2/,https://www.gov.uk/government/publications/open-contracting,ocds-b5fd17-f1902c11-8008-46c3-b5ea-a3c71734b2ff,ocds-b5fd17-f1902c11-8008-46c3-b5ea-a3c71734b2ff-329563-bip451831137,en-GB,2019-12-01T10:00:05Z,tender,tender,BIP451831137,"High Rise Ventilation Cleaning","This contract is to clean all of the Group's mechanical extract ventilation with our high rise buildings across the city.",unsuccessful,1,"See description of related tender.",CPV,90910000,"Cleaning services",http://cpv.data.ac.uk/code-90910000.html,,,,,,,,,,,,,,,,,,,0,GBP,0,GBP,,,,,,,"Please apply directly to the buyer using the contact details provided, or follow the instructions given in the notice description or information section.",2020-03-03T00:00:00Z,,,1,"Contract start","Anticipated contract start date",2020-04-01T00:00:00Z,,2,"Contract end","Anticipated contract end date",2024-03-31T00:00:00Z,,1,,Services,,"Gentoo Group",".Emperor House 2 Emperor Way",.Sunderland,,"SR3 3XR",UK,,colin.watson@gentoogroup.com,+441915256023,,,,,,,,,,,,,,,,,,,,,,,,,,,,,,
https://www.contractsfinder.service.gov.uk/Published/Notice/releases/5111b54c-3a91-4e99-b81f-630bad472e01.json,2019-12-01T09:30:49Z,"BIP SOLUTIONS LIMITED",GB-GOVUK-crown_comercial_service,,https://www.contractsfinder.service.gov.uk,1.1,https://raw.githubusercontent.com/open-contracting/ocds_process_title_extension/v1.1/extension.json,https://www.nationalarchives.gov.uk/doc/open-government-licence/version/2/,https://www.gov.uk/government/publications/open-contracting,ocds-b5fd17-3959fdfc-c8ee-463f-8993-521e968314e0,ocds-b5fd17-3959fdfc-c8ee-463f-8993-521e968314e0-329562-bip451772144,en-GB,2019-12-01T09:30:49Z,tender,tender,BIP451772144,"INSURANCE SERVICES","Chelmsford City Council is seeking Insurance Services in relation to Public Liability; Casualty Claims; Property; Motor; and Claims Handling. The Council is also seeking Insurance Services in relation to the South Essex Parking Partnership (SEPP) for which it is the lead authority.
      
      Inception Date will be 1st April 2020.
      
      Details can be obtained free of charge at: https://www.delta-esourcing.com/tenders/UK-title/AASV47894R",unsuccessful,1,"See description of related tender.",CPV,66510000,"Insurance services",http://cpv.data.ac.uk/code-66510000.html,,,,,,,,,,,,,,,,,,,0,GBP,0,GBP,,"Open procedure",,,,,"Please apply directly to the buyer using the contact details provided, or follow the instructions given in the notice description or information section.",2020-01-20T00:00:00Z,,,1,"Contract start","Anticipated contract start date",2020-04-01T00:00:00Z,,2,"Contract end","Anticipated contract end date",2023-03-31T00:00:00Z,,1,,Services,,"Chelmsford City Council","Civic Centre Duke Street",Chelmsford,,"CM1 1JE",UK,"Alison Chessell, Procurement Manager",procurement@chelmsford.gov.uk,+441245606598,,,,,,,,,,,,,,,,,,,,,,,,,,,,,,
https://www.contractsfinder.service.gov.uk/Published/Notice/releases/73e7823b-e691-46f8-b9d3-dc1f7d715fd0.json,2019-12-01T08:40:03Z,"BIP SOLUTIONS LIMITED",GB-GOVUK-crown_comercial_service,,https://www.contractsfinder.service.gov.uk,1.1,https://raw.githubusercontent.com/open-contracting/ocds_process_title_extension/v1.1/extension.json,https://www.nationalarchives.gov.uk/doc/open-government-licence/version/2/,https://www.gov.uk/government/publications/open-contracting,ocds-b5fd17-e2437952-0ff7-42dd-9e5b-dbcdb68be7dd,ocds-b5fd17-e2437952-0ff7-42dd-9e5b-dbcdb68be7dd-329561-bip450351403,en-GB,2019-12-01T08:40:03Z,tender,tender,BIP450351403,"PROCUREMENT OF A FRAMEWORK OF ELECTRICAL TESTING SERVICES, DOMESTIC ELECTRICAL INSTALLATION CONDITION REPORTS, ASSOCIATED REPAIRS AND SMOKE DETECTOR REPLACEMENTS","Procurement of a Framework of electrical testing services, Domestic Electrical Installation Condition Reports (DEICR), associated repairs and smoke detector replacement.",unsuccessful,1,"See description of related tender.",CPV,71314100,"Electrical services",http://cpv.data.ac.uk/code-71314100.html,,,,,,,,,,,,,,,,,,,0,GBP,0,GBP,,"Open procedure",,,,,"Please apply directly to the buyer using the contact details provided, or follow the instructions given in the notice description or information section.",2020-01-13T00:00:00Z,,,1,"Contract start","Anticipated contract start date",2020-03-02T00:00:00Z,,2,"Contract end","Anticipated contract end date",2024-02-29T00:00:00Z,,1,,Services,,"Gentoo Group Ltd",".Emperor House 2 Emperor Way",.Sunderland,,"SR3 3XR",UK,,joanne.gray@gentoogroup.com,+441915255000,,,,,,,,,,,,,,,,,,,,,,,,,,,,,,
https://www.contractsfinder.service.gov.uk/Published/Notice/releases/5d1cba07-d228-4c81-ad49-8162a6bbf27b.json,2019-12-01T07:50:04Z,"BIP SOLUTIONS LIMITED",GB-GOVUK-crown_comercial_service,,https://www.contractsfinder.service.gov.uk,1.1,https://raw.githubusercontent.com/open-contracting/ocds_process_title_extension/v1.1/extension.json,https://www.nationalarchives.gov.uk/doc/open-government-licence/version/2/,https://www.gov.uk/government/publications/open-contracting,ocds-b5fd17-82cb275c-7cb4-49a0-bfb1-817af1dbf373,ocds-b5fd17-82cb275c-7cb4-49a0-bfb1-817af1dbf373-329560-bip429415392,en-GB,2019-12-01T07:50:04Z,award,tender,BIP429415392,"***CONTRACT AWARD for Data Connectivity Tender ***","CONTRACT AWARD for the provision of a modern, secure, fast, agile data network which includes replacement network equipment (Security, Routers, Switches, Wireless Access Points) that can all be managed through a single network management platform. This also includes the  provision of a DR as a Service and Backup as a Service solution.",complete,1,"See description of related tender.",CPV,32400000,Networks,http://cpv.data.ac.uk/code-32400000.html,,,,,,,,,,,,,,,,,,,654349,GBP,1517117,GBP,,"Open procedure",,,,,,2019-09-10T00:00:00Z,,,1,"Contract start","Anticipated contract start date",2019-09-16T00:00:00Z,,2,"Contract end","Anticipated contract end date",2022-09-16T00:00:00Z,,1,,Services,,"East Midlands Housing Group","Memorial House Stenson Road",Coalville,,"LE67 4JP",UK,"Jon Drummond",chris.shaw@shawc.co.uk,+447722067596,,,4f2a51f3-193c-4244-a137-7d492ea23530,,"See description of related tender",active,2019-09-10T00:00:00Z,654349,GBP,0,,,,,,,"Node4 Limited","Millennium Way,
        Pride Park,
        Derby
        DE24 8HZ",,,,,,,,,GBP,,2019-09-16T00:00:00Z,2022-09-16T00:00:00Z
https://www.contractsfinder.service.gov.uk/Published/Notice/releases/8cba80a3-4b3f-4b4e-9c70-6540e7ce0a00.json,2019-12-01T07:20:03Z,"BIP SOLUTIONS LIMITED",GB-GOVUK-crown_comercial_service,,https://www.contractsfinder.service.gov.uk,1.1,https://raw.githubusercontent.com/open-contracting/ocds_process_title_extension/v1.1/extension.json,https://www.nationalarchives.gov.uk/doc/open-government-licence/version/2/,https://www.gov.uk/government/publications/open-contracting,ocds-b5fd17-e424c20b-51ed-49e7-9fed-45c8287f7c36,ocds-b5fd17-e424c20b-51ed-49e7-9fed-45c8287f7c36-329559-bip451109826,en-GB,2019-12-01T07:20:03Z,tender,tender,BIP451109826,"IoC Diversity Service Campaign - Additional Marketing Services","The Institute of Coding IoC's ""CTRL Your Future"" diversity campaign is currently in market, and is delivering good results in terms of raising the IoC's profile and visibility with a diverse audience.
      
      We would like to extend the campaign in order to reach a larger group of diverse learners and ensure their interest is translated to course sign ups on our website. 
      
      The campaign extension will include learner-focussed activity, improvements to the IoC website, updates to the IoC's branding (including the creation of a strapline) and social media. 
      
      Here is the link to the existing campaign hub: https://instituteofcoding.org/ctrl-your-future/ 
      
      It is anticipated and is required that all work has to be delivered no later than 31 March 2021.",unsuccessful,1,"See description of related tender.",CPV,79342000,"Marketing services",http://cpv.data.ac.uk/code-79342000.html,,,,,,,,,,,,,,,,,,,0,GBP,0,GBP,,"Open procedure",,,,,"Please apply directly to the buyer using the contact details provided, or follow the instructions given in the notice description or information section.",2019-12-30T00:00:00Z,,,1,"Contract start","Anticipated contract start date",2020-01-06T00:00:00Z,,2,"Contract end","Anticipated contract end date",2023-01-05T00:00:00Z,,,,Services,,"University of Bath","Purchasing Services ",Bath,,"BA2 7AY",UK,,l.kilawee@bath.ac.uk,+441225385634,,,,,,,,,,,,,,,,,,,,,,,,,,,,,,
https://www.contractsfinder.service.gov.uk/Published/Notice/releases/46acd0fe-32eb-4b3c-8145-025998dc05fa.json,2019-12-01T07:10:07Z,"BIP SOLUTIONS LIMITED",GB-GOVUK-crown_comercial_service,,https://www.contractsfinder.service.gov.uk,1.1,https://raw.githubusercontent.com/open-contracting/ocds_process_title_extension/v1.1/extension.json,https://www.nationalarchives.gov.uk/doc/open-government-licence/version/2/,https://www.gov.uk/government/publications/open-contracting,ocds-b5fd17-ff01c66a-03c7-401b-95b5-e00348e827cd,ocds-b5fd17-ff01c66a-03c7-401b-95b5-e00348e827cd-329558-bip80549580,en-GB,2019-12-01T07:10:07Z,tenderAmendment,tender,BIP80549580,"Provision of Air Traffic Control Training for the Ministry of Defence","Text to be corrected in the original notice:
        Place of text to be modified: III.1.1
        Instead of: In addition to current text.
        Read: The course itself does not need to be CAA approved.  However, we require any training provider to be a CAA ATO, or provide training to a CAA equivalent ICAO standard.
        Provision of Air Traffic Control Training for the Ministry of Defence.",unsuccessful,1,"See description of related tender.",CPV,34962230,"Air-traffic control training",http://cpv.data.ac.uk/code-34962230.html,,,,,,,,,,,,,,,,,,,5000000,GBP,0,GBP,,"Restricted procedure",,,,,"Please apply directly to the buyer using the contact details provided, or follow the instructions given in the notice description or information section.",2019-12-05T00:00:00Z,,,1,"Contract start","Anticipated contract start date",2020-08-01T00:00:00Z,,2,"Contract end","Anticipated contract end date",2025-07-31T00:00:00Z,,1,,Services,,"Ministry of Defence, C&C, Other","Air Commercial Nimrod Building, 3 Site","Walters Ash",,"HP14 4UE",UK,,anna.gibbs192@mod.gov.uk,+4401494494438,,,,,,,,,,,,,,,,,,,,,,,,,,,,,,
https://www.contractsfinder.service.gov.uk/Published/Notice/releases/7cb91de7-5314-4ea4-96d0-f9103c9bde34.json,2019-12-01T06:30:51Z,"BIP SOLUTIONS LIMITED",GB-GOVUK-crown_comercial_service,,https://www.contractsfinder.service.gov.uk,1.1,https://raw.githubusercontent.com/open-contracting/ocds_process_title_extension/v1.1/extension.json,https://www.nationalarchives.gov.uk/doc/open-government-licence/version/2/,https://www.gov.uk/government/publications/open-contracting,ocds-b5fd17-9c4edfd2-6810-4e13-8ecb-8835d3a083eb,ocds-b5fd17-9c4edfd2-6810-4e13-8ecb-8835d3a083eb-329557-bip451800188,en-GB,2019-12-01T06:30:51Z,award,tender,BIP451800188,"Group Life Assurance Policy","SLC are looking for an insurer to provide cover for the provision of the SLC's death in service requirements,",complete,1,"See description of related tender.",CPV,66511000,"Life insurance services",http://cpv.data.ac.uk/code-66511000.html,,,,,,,,,,,,,,,,,,,843322,GBP,0,GBP,,"Open procedure",,,,,,2019-10-16T00:00:00Z,,,1,"Contract start","Anticipated contract start date",2019-11-06T00:00:00Z,,2,"Contract end","Anticipated contract end date",2024-11-05T00:00:00Z,,1,,Services,,"Student Loans Company","100 Bothwell Street ",Glasgow,,"G2 7JD",UK,,Susan_Butcher@slc.co.uk,+441412433482,,,6ada15d6-2fc5-440a-b2c1-b286a655c96e,,"See description of related tender",active,2019-10-16T00:00:00Z,843322,GBP,0,,,,,,,"Aviva Life & Pensions UK Limited","Wellington Row
        York
        YO90 1WR",,,,,,,,,GBP,,2019-11-06T00:00:00Z,2024-11-05T00:00:00Z
