uri,publishedDate,publisher/name,publisher/scheme,publisher/uid,publisher/uri,version,extensions/0,license,publicationPolicy,releases/0/ocid,releases/0/id,releases/0/language,releases/0/date,releases/0/tag/0,releases/0/initiationType,releases/0/tender/id,releases/0/tender/title,releases/0/tender/description,releases/0/tender/status,releases/0/tender/items/0/id,releases/0/tender/items/0/description,releases/0/tender/items/0/classification/scheme,releases/0/tender/items/0/classification/id,releases/0/tender/items/0/classification/description,releases/0/tender/items/0/classification/uri,releases/0/tender/items/1/id,releases/0/tender/items/1/description,releases/0/tender/items/1/classification/scheme,releases/0/tender/items/1/classification/id,releases/0/tender/items/1/classification/description,releases/0/tender/items/1/classification/uri,releases/0/tender/items/2/id,releases/0/tender/items/2/description,releases/0/tender/items/2/classification/scheme,releases/0/tender/items/2/classification/id,releases/0/tender/items/2/classification/description,releases/0/tender/items/2/classification/uri,releases/0/tender/items/3/id,releases/0/tender/items/3/description,releases/0/tender/items/3/classification/scheme,releases/0/tender/items/3/classification/id,releases/0/tender/items/3/classification/description,releases/0/tender/items/3/classification/uri,releases/0/tender/items/4/id,releases/0/tender/items/4/description,releases/0/tender/items/4/classification/scheme,releases/0/tender/items/4/classification/id,releases/0/tender/items/4/classification/description,releases/0/tender/items/4/classification/uri,releases/0/tender/minValue/amount,releases/0/tender/minValue/currency,releases/0/tender/value/amount,releases/0/tender/value/currency,releases/0/tender/procurementMethod,releases/0/tender/procurementMethodDetails,releases/0/tender/procurementMethodRationale,releases/0/tender/awardCriteria,releases/0/tender/awardCriteriaDetails,releases/0/tender/submissionMethod,releases/0/tender/submissionMethodDetails,releases/0/tender/tenderPeriod/startDate,releases/0/tender/tenderPeriod/endDate,releases/0/tender/hasEnquiries,releases/0/tender/eligibilityCriteria,releases/0/tender/milestones/0/id,releases/0/tender/milestones/0/title,releases/0/tender/milestones/0/description,releases/0/tender/milestones/0/dueDate,releases/0/tender/milestones/0/status,releases/0/tender/milestones/1/id,releases/0/tender/milestones/1/title,releases/0/tender/milestones/1/description,releases/0/tender/milestones/1/dueDate,releases/0/tender/milestones/1/status,releases/0/tender/xClassifications/isSuitableForSme,releases/0/tender/xClassifications/isSuitableForVco,releases/0/tender/xClassifications/ojeuContractType,releases/0/tender/supplyChain,releases/0/buyer/identifier/scheme,releases/0/buyer/identifier/id,releases/0/buyer/identifier/uri,releases/0/buyer/identifier/legalName,releases/0/buyer/name,releases/0/buyer/address/streetAddress,releases/0/buyer/address/locality,releases/0/buyer/address/region,releases/0/buyer/address/postalCode,releases/0/buyer/address/countryName,releases/0/buyer/contactPoint/name,releases/0/buyer/contactPoint/email,releases/0/buyer/contactPoint/telephone,releases/0/buyer/contactPoint/faxNumber,releases/0/buyer/contactPoint/uri,releases/0/awards/0/id,releases/0/awards/0/title,releases/0/awards/0/description,releases/0/awards/0/status,releases/0/awards/0/date,releases/0/awards/0/value/amount,releases/0/awards/0/value/currency,releases/0/awards/0/suppliers/0/id,releases/0/awards/0/suppliers/0/identifier/scheme,releases/0/awards/0/suppliers/0/identifier/id,releases/0/awards/0/suppliers/0/identifier/legalName,releases/0/awards/0/suppliers/0/identifier/uri,releases/0/awards/0/suppliers/0/sme,releases/0/awards/0/suppliers/0/vco,releases/0/awards/0/suppliers/0/name,releases/0/awards/0/suppliers/0/address/streetAddress,releases/0/awards/0/suppliers/0/address/locality,releases/0/awards/0/suppliers/0/address/region,releases/0/awards/0/suppliers/0/address/postalCode,releases/0/awards/0/suppliers/0/address/countryName,releases/0/awards/0/suppliers/0/contactPoint/name,releases/0/awards/0/suppliers/0/contactPoint/email,releases/0/awards/0/suppliers/0/contactPoint/telephone,releases/0/awards/0/suppliers/0/contactPoint/faxNumber,releases/0/awards/0/suppliers/0/x_awardValue/currency,releases/0/awards/0/suppliers/0/x_awardValue/amount,releases/0/awards/0/contractPeriod/startDate,releases/0/awards/0/contractPeriod/endDate
https://www.contractsfinder.service.gov.uk/Published/Notice/releases/f9c3e985-f2c8-42ff-bb46-463aa400443b.json,2020-08-23T19:06:10Z,"BRAVOSOLUTION UK LIMITED",GB-GOVUK-crown_comercial_service,,https://www.contractsfinder.service.gov.uk,1.1,https://raw.githubusercontent.com/open-contracting/ocds_process_title_extension/v1.1/extension.json,https://www.nationalarchives.gov.uk/doc/open-government-licence/version/2/,https://www.gov.uk/government/publications/open-contracting,ocds-b5fd17-6443c9f6-6d1f-4835-a811-0801aa7e2e3f,ocds-b5fd17-6443c9f6-6d1f-4835-a811-0801aa7e2e3f-377422-tender_248363-882043,en-GB,2020-08-23T19:06:10Z,tender,tender,tender_248363/882043,"Patient and Public Engagement and Involvement Training Programme","The Medicines and Healthcare products Regulatory Agency requires the appointment of an experienced training provider to design and deliver a Patient and Public Engagement and Involvement Training Programme.

 The Agency has committed to delivering a step-change in the way it engages with patients and the public, putting the views and interests of patients and the public at the heart of its decision-making and culture.

The Independent Medicines and Medical Devices Safety Review has placed added focus and urgency on the need to adopt a more transparent, responsive and systematic approach to listening to and involving patients.

The Agency's ambition - to become a patient-focused regulator which recognises patients as partners - will mean transforming its activity, culture and reputation in the minds of many patient groups.

The training provider and nominated personnel including any sub-contractors/third parties should have relevant experience of designing and delivering similar-comparable courses. It is also desirable that the provider has a track record in patient and public engagement and involvement and where possible experience in delivering interventions within the healthcare sector.

 The Contract shall commence w-c 14 September 2020.",active,1,"See description of related tender.",CPV,80511000,"Staff training services",http://cpv.data.ac.uk/code-80511000.html,,,,,,,,,,,,,,,,,,,,,,,,,45000,GBP,0,GBP,open,"Open (non-OJEU)",,,,,"Please apply directly to the buyer using the contact details provided, or follow the instructions given in the notice description or information section.",2020-08-23T19:06:10Z,2020-09-09T12:00:00Z,,,1,"Contract start","Anticipated contract start date",2020-09-14T00:00:00Z,,2,"Contract end","Anticipated contract end date",2022-09-13T00:00:00Z,,1,1,Services,,,,,,"MHRA Buyer Organisation","10 South Colonnade Canary Wharf ",London,,"E14 4PU",England,,nadia.coleby@mhra.gov.uk,,,,,,,,,,,,,,,,,,,,,,,,,,,,,,,
https://www.contractsfinder.service.gov.uk/Published/Notice/releases/ee463746-f4ab-4188-ba8c-cea4dc7e58a2.json,2020-08-23T18:27:47Z,"Suffolk County Council",GB-GOVUK-crown_comercial_service,,https://www.contractsfinder.service.gov.uk,1.1,https://raw.githubusercontent.com/open-contracting/ocds_process_title_extension/v1.1/extension.json,https://www.nationalarchives.gov.uk/doc/open-government-licence/version/2/,https://www.gov.uk/government/publications/open-contracting,ocds-b5fd17-75722116-128c-4a81-8864-216e966a8f4e,ocds-b5fd17-75722116-128c-4a81-8864-216e966a8f4e-377421-qbe601---award,en-GB,2020-08-23T18:27:47Z,award,tender,"QBE601 - AWARD","2020-08-21 1100 QBE601 Haverhill to West Suffolk College Minden House (6 seats and a passenger assistant required) - AWARD","Suffolk County Council is seeking a mini competition against the following Dynamic Purchasing System: &grave;The supply of Passenger Transport Services&grave;, OJEU Notice Id: 2018/S 031-067685.
      
      QBE601 Haverhill to West Suffolk College Minden House (6 seats and a passenger assistant required)
      
      Further details can be found in the 'Tenders / My Tenders' area of this website, by selecting the 'View Details' button for this project.
      
      The deadline for returned submissions is Friday 21st August 2020 at 11am. Please note late returns will NOT be permitted.
      
      The deadline for clarification questions is Thursday 20th August 2020 at 5pm which must be generated via the correspondence option on the website",complete,1,"See description of related tender.",CPV,60000000,"Transport services (excl. Waste transport)",http://cpv.data.ac.uk/code-60000000.html,,,,,,,,,,,,,,,,,,,,,,,,,0,GBP,0,GBP,,"Not specified",,,,,,,2020-08-21T11:00:00Z,,,1,"Contract start","Anticipated contract start date",2020-09-01T01:00:00Z,,2,"Contract end","Anticipated contract end date",2022-07-31T01:00:00Z,,,,Services,,,,,,"Suffolk Sourcing","Russell Road Ipswich",Suffolk,,"IP1 2BX","United Kingdom","Gary Haseman",gary.haseman@suffolk.gov.uk,"03456 066171",,https://www.suffolk.gov.uk/business-jobs-and-careers/tenders-and-supplying-us/,6789ebc2-bab7-4b44-abd2-6be9fb218639,,"See description of related tender",active,2020-08-23T00:00:00Z,45600,GBP,0,,,,,,,"First Stop Travel EA limited","11 Minden Drive, Bury St Edmunds, Suffolk, United Kingdom, IP33 3RY",,,,,"Glenn Edwards",,,,GBP,,2020-09-01T00:00:00Z,2022-07-31T00:00:00Z
https://www.contractsfinder.service.gov.uk/Published/Notice/releases/540c9678-a48d-4676-af4e-c69301622805.json,2020-08-23T18:12:33Z,"Suffolk County Council",GB-GOVUK-crown_comercial_service,,https://www.contractsfinder.service.gov.uk,1.1,https://raw.githubusercontent.com/open-contracting/ocds_process_title_extension/v1.1/extension.json,https://www.nationalarchives.gov.uk/doc/open-government-licence/version/2/,https://www.gov.uk/government/publications/open-contracting,ocds-b5fd17-a8b4d991-0aa0-4056-9101-94e195192199,ocds-b5fd17-a8b4d991-0aa0-4056-9101-94e195192199-377420-qbe602---award,en-GB,2020-08-23T18:12:33Z,awardUpdate,tender,"QBE602 - AWARD","2020-08-21 1100 QBE602 Thurston to West Suffolk College Minden House (8 seated wheelchair accessible vehicle - no passenger assistant - required) - AWARD","Suffolk County Council is seeking a mini competition against the following Dynamic Purchasing System: &grave;The supply of Passenger Transport Services&grave;, OJEU Notice Id: 2018/S 031-067685.
      
      QBE602 Thurston to West Suffolk College Minden House (8 seated wheelchair accessible vehicle - no passenger assistant - required).
      
      Further details can be found in the 'Tenders / My Tenders' area of this website, by selecting the 'View Details' button for this project.
      
      The deadline for returned submissions is Friday 21st August 2020 at 11am. Please note late returns will NOT be permitted.
      
      The deadline for clarification questions is Thursday 20th August 2020 at 5pm which must be generated via the correspondence option on the website",complete,1,"See description of related tender.",CPV,60000000,"Transport services (excl. Waste transport)",http://cpv.data.ac.uk/code-60000000.html,,,,,,,,,,,,,,,,,,,,,,,,,0,GBP,0,GBP,,"Not specified",,,,,,,2020-08-21T11:00:00Z,,,1,"Contract start","Anticipated contract start date",2020-09-01T01:00:00Z,,2,"Contract end","Anticipated contract end date",2022-07-31T01:00:00Z,,,,Services,,,,,,"Suffolk Sourcing","Russell Road Ipswich",Suffolk,,"IP1 2BX","United Kingdom","Gary Haseman",gary.haseman@suffolk.gov.uk,"03456 066171",,https://www.suffolk.gov.uk/business-jobs-and-careers/tenders-and-supplying-us/,157665cc-3553-4813-92e5-e1354bfb74f7,,"See description of related tender",active,2020-08-23T00:00:00Z,26600,GBP,0,,,,,,,"First Stop Travel EA limited","11 Minden Drive, Bury St Edmunds, Suffolk, United Kingdom, IP33 3RY",,,,,"Glenn Edwards",,,,GBP,,2020-09-01T00:00:00Z,2022-07-31T00:00:00Z
https://www.contractsfinder.service.gov.uk/Published/Notice/releases/6d6b5faa-18a6-4ec7-9692-51842d632f64.json,2020-08-23T18:00:50Z,"ADB (UK) LIMITED",GB-GOVUK-crown_comercial_service,,https://www.contractsfinder.service.gov.uk,1.1,https://raw.githubusercontent.com/open-contracting/ocds_process_title_extension/v1.1/extension.json,https://www.nationalarchives.gov.uk/doc/open-government-licence/version/2/,https://www.gov.uk/government/publications/open-contracting,ocds-b5fd17-bd8751ca-4812-4eb9-bad2-2e24ba07bb5d,ocds-b5fd17-bd8751ca-4812-4eb9-bad2-2e24ba07bb5d-377417-1eb23a10-a577-4ca8-838f-965b645cae23,en-GB,2020-08-23T18:00:50Z,tender,tender,1eb23a10-a577-4ca8-838f-965b645cae23,"CA7645 - Invitation to Tender for The supply and Distribution of Fresh Meat and Poultry","This framework is designed to meet the Fresh Meat and Poultry needs across the entire public sector across the UK. The framework covers a comprehensive range and full details of the service provision are contained within the Invitation to Tender documentation. There will be a maximum of 15 suppliers awarded a place on this framework agreement.\
\
Includes Lots: \
Lot 1: Lot 1: North West - Supply and Distribution of Fresh Meat and Poultry\
Lot 2: Lot 2: North East - Supply and Distribution of Fresh Meat and Poultry\
Lot 3: Lot 3: Midlands - Supply and Distribution of Fresh Meat and Poultry\
Lot 4: Lot 4: South West - Supply and Distribution of Fresh Meat and Poultry\
Lot 5: Lot 5: South East - Supply and Distribution of Fresh Meat and Poultry\
\
To access this competition: \
\
Registered:\
Login to https://suppliers.multiquote.com and view the opportunity CA7645.\
\
Not registered:\
Visit https://suppliers.multiquote.com then register and quote CA7645 as the reason for registration. \
\
 Any queries please contact MultiQuote on 0151 482 9230.",active,1,"See description of related tender.",CPV,15100000,"Animal products, meat and meat products",http://cpv.data.ac.uk/code-15100000.html,,,,,,,,,,,,,,,,,,,,,,,,,46000000,GBP,46000000,GBP,,"Open procedure",,,,,"Please apply directly to the buyer using the contact details provided, or follow the instructions given in the notice description or information section.",2020-08-23T18:00:50Z,2020-09-21T12:00:00Z,,,1,"Contract start","Anticipated contract start date",2020-11-30T00:00:00Z,,2,"Contract end","Anticipated contract end date",2022-11-29T00:00:00Z,,1,,Services,,,,,,"The Romero Catholic Academy","c/o Cardinal Wiseman Catholic School Potters Green Road",Coventry,,"CV2 2AJ",England,"Darron Bibby",support@multiquote.com,"0151 482 9230",,https://suppliers.multiquote.com,,,,,,,,,,,,,,,,,,,,,,,,,,,,
https://www.contractsfinder.service.gov.uk/Published/Notice/releases/6ef78d30-c4eb-49ac-a656-2c67e8697cf9.json,2020-08-23T17:45:26Z,"Suffolk County Council",GB-GOVUK-crown_comercial_service,,https://www.contractsfinder.service.gov.uk,1.1,https://raw.githubusercontent.com/open-contracting/ocds_process_title_extension/v1.1/extension.json,https://www.nationalarchives.gov.uk/doc/open-government-licence/version/2/,https://www.gov.uk/government/publications/open-contracting,ocds-b5fd17-54b16075-29a5-4f29-996a-358b98186524,ocds-b5fd17-54b16075-29a5-4f29-996a-358b98186524-377416-qbe603---award,en-GB,2020-08-23T17:45:26Z,awardUpdate,tender,"QBE603 - AWARD","2020-08-21 1100 QBE603 Groton to West Suffolk College Minden House (6 seats and a passenger assistant required) - AWARD","Suffolk County Council is seeking a mini competition against the following Dynamic Purchasing System: &grave;The supply of Passenger Transport Services&grave;, OJEU Notice Id: 2018/S 031-067685.
      
      QBE603 Groton to West Suffolk College Minden House (6 seats and a passenger assistant required).
      
      Further details can be found in the 'Tenders / My Tenders' area of this website, by selecting the 'View Details' button for this project.
      
      The deadline for returned submissions is Friday 21st August 2020 at 11am. Please note late returns will NOT be permitted.
      
      The deadline for clarification questions is Thursday 20th August 2020 at 5pm which must be generated via the correspondence option on the website",complete,1,"See description of related tender.",CPV,60000000,"Transport services (excl. Waste transport)",http://cpv.data.ac.uk/code-60000000.html,,,,,,,,,,,,,,,,,,,,,,,,,0,GBP,0,GBP,,"Not specified",,,,,,,2020-08-21T11:00:00Z,,,1,"Contract start","Anticipated contract start date",2020-09-01T01:00:00Z,,2,"Contract end","Anticipated contract end date",2022-07-31T01:00:00Z,,,,Services,,,,,,"Suffolk Sourcing","Russell Road Ipswich",Suffolk,,"IP1 2BX","United Kingdom","Gary Haseman",gary.haseman@suffolk.gov.uk,"03456 066171",,https://www.suffolk.gov.uk/business-jobs-and-careers/tenders-and-supplying-us/,28fba5cf-3012-479d-9e27-1f4e0645b2af,,"See description of related tender",active,2020-08-23T00:00:00Z,53200,GBP,0,,,,,,,"First Stop Travel EA limited","11 Minden Drive, Bury St Edmunds, Suffolk, United Kingdom, IP33 3RY",,,,,"Glenn Edwards",,,,GBP,,2020-09-01T00:00:00Z,2022-07-31T00:00:00Z
https://www.contractsfinder.service.gov.uk/Published/Notice/releases/61b67ce4-3ca1-4768-a75a-ce2f55f454ae.json,2020-08-23T17:31:14Z,"Suffolk County Council",GB-GOVUK-crown_comercial_service,,https://www.contractsfinder.service.gov.uk,1.1,https://raw.githubusercontent.com/open-contracting/ocds_process_title_extension/v1.1/extension.json,https://www.nationalarchives.gov.uk/doc/open-government-licence/version/2/,https://www.gov.uk/government/publications/open-contracting,ocds-b5fd17-1306d627-0be5-488e-be58-9481f79e1757,ocds-b5fd17-1306d627-0be5-488e-be58-9481f79e1757-377414-qbe605---award,en-GB,2020-08-23T17:31:14Z,award,tender,"QBE605 - AWARD","2020-08-21 1100 QBE605 Mildenhall to West Suffolk College Minden House (4 seats and a passenger assistant required) - AWARD","Suffolk County Council is seeking a mini competition against the following Dynamic Purchasing System: &grave;The supply of Passenger Transport Services&grave;, OJEU Notice Id: 2018/S 031-067685.
      
      QBE605 Mildenhall to West Suffolk College Minden House (4 seats and a passenger assistant required)
      
      Further details can be found in the 'Tenders / My Tenders' area of this website, by selecting the 'View Details' button for this project.
      
      The deadline for returned submissions is Friday August 21st 2020 at 11am. Please note late returns will NOT be permitted.
      
      The deadline for clarification questions is Thursday August 20th 2020 at 5pm which must be generated via the correspondence option on the website",complete,1,"See description of related tender.",CPV,60000000,"Transport services (excl. Waste transport)",http://cpv.data.ac.uk/code-60000000.html,,,,,,,,,,,,,,,,,,,,,,,,,0,GBP,0,GBP,,"Not specified",,,,,,,2020-08-21T11:00:00Z,,,1,"Contract start","Anticipated contract start date",2020-09-01T01:00:00Z,,2,"Contract end","Anticipated contract end date",2022-07-31T01:00:00Z,,,,Services,,,,,,"Suffolk Sourcing","Russell Road Ipswich",Suffolk,,"IP1 2BX","United Kingdom","Gary Haseman",gary.haseman@suffolk.gov.uk,"03456 066171",,https://www.suffolk.gov.uk/business-jobs-and-careers/tenders-and-supplying-us/,434798cd-5f80-47aa-919d-2c4b7d36f8c1,,"See description of related tender",active,2020-08-23T00:00:00Z,33440,GBP,0,,,,,,,"Newmarket Community Services Ltd - t/a Driving Miss Daisy Newmar","5 The Langtry Mews, Gazeley Road, Kentford, Newmarket, Suffolk, United Kingdom, CB8 7QA",,,,,"Bridgette Banham",,,,GBP,,2020-09-01T00:00:00Z,2022-07-31T00:00:00Z
https://www.contractsfinder.service.gov.uk/Published/Notice/releases/6bf78b4d-e36e-414c-b6e9-b488a1812286.json,2020-08-23T17:21:12Z,"Suffolk County Council",GB-GOVUK-crown_comercial_service,,https://www.contractsfinder.service.gov.uk,1.1,https://raw.githubusercontent.com/open-contracting/ocds_process_title_extension/v1.1/extension.json,https://www.nationalarchives.gov.uk/doc/open-government-licence/version/2/,https://www.gov.uk/government/publications/open-contracting,ocds-b5fd17-60797468-c2bc-40c8-ac8e-9529a7b48343,ocds-b5fd17-60797468-c2bc-40c8-ac8e-9529a7b48343-377413-qbe606---award,en-GB,2020-08-23T17:21:12Z,award,tender,"QBE606 - AWARD","2020-08-21 1100 QBE606 West Row to West Suffolk College Minden House (4 seats - no passenger assistant - required) - AWARD","Suffolk County Council is seeking a mini competition against the following Dynamic Purchasing System: &grave;The supply of Passenger Transport Services&grave;, OJEU Notice Id: 2018/S 031-067685.
      
      QBE606 West Row to West Suffolk College Minden House (4 seats - no passenger assistant - required).
      
      Further details can be found in the 'Tenders / My Tenders' area of this website, by selecting the 'View Details' button for this project.
      
      The deadline for returned submissions is Friday August 21st 2020 at 11am. Please note late returns will NOT be permitted.
      
      The deadline for clarification questions is Thursday August 20th at 5pm which must be generated via the correspondence option on the website",complete,1,"See description of related tender.",CPV,60000000,"Transport services (excl. Waste transport)",http://cpv.data.ac.uk/code-60000000.html,,,,,,,,,,,,,,,,,,,,,,,,,0,GBP,0,GBP,,"Not specified",,,,,,,2020-08-21T11:00:00Z,,,1,"Contract start","Anticipated contract start date",2020-09-01T01:00:00Z,,2,"Contract end","Anticipated contract end date",2022-07-31T01:00:00Z,,,,Services,,,,,,"Suffolk Sourcing","Russell Road Ipswich",Suffolk,,"IP1 2BX","United Kingdom","Gary Haseman",gary.haseman@suffolk.gov.uk,"03456 066171",,https://www.suffolk.gov.uk/business-jobs-and-careers/tenders-and-supplying-us/,e615e107-9ba3-469b-a043-5c909fe8660e,,"See description of related tender",active,2020-08-23T00:00:00Z,24320,GBP,0,,,,,,,"All Day Cars","39 Anderson Walk, Bury St Edmunds, Suffolk, United Kingdom, IP32 6PQ",,,,,"Bogdan Cojocaru",,,,GBP,,2020-09-01T00:00:00Z,2022-07-31T00:00:00Z
https://www.contractsfinder.service.gov.uk/Published/Notice/releases/626abe62-9dca-4ec1-bb86-d0616a09f31a.json,2020-08-23T16:51:07Z,"Suffolk County Council",GB-GOVUK-crown_comercial_service,,https://www.contractsfinder.service.gov.uk,1.1,https://raw.githubusercontent.com/open-contracting/ocds_process_title_extension/v1.1/extension.json,https://www.nationalarchives.gov.uk/doc/open-government-licence/version/2/,https://www.gov.uk/government/publications/open-contracting,ocds-b5fd17-b7ef5e2f-e98c-4202-a12a-89e3c157bcd6,ocds-b5fd17-b7ef5e2f-e98c-4202-a12a-89e3c157bcd6-377412-qbe610---award,en-GB,2020-08-23T16:51:07Z,awardUpdate,tender,"QBE610 - AWARD","2020-08-21 1500 QBE610 Newmarket to West Suffolk College (4 seats and a passenger assistant required) - AWARD","Suffolk County Council is seeking a mini competition against the following Dynamic Purchasing System: &grave;The supply of Passenger Transport Services&grave;, OJEU Notice Id: 2018/S 031-067685.
      
      QBE610 Newmarket to West Suffolk College (4 seats and a passenger assistant required).
      
      Further details can be found in the 'Tenders / My Tenders' area of this website, by selecting the 'View Details' button for this project.
      
      The deadline for returned submissions is Friday August 21st 2020 at 3pm. Please note late returns will NOT be permitted.
      
      The deadline for clarification questions is Thursday 20th August 2020 at 5pm which must be generated via the correspondence option on the website",complete,1,"See description of related tender.",CPV,60000000,"Transport services (excl. Waste transport)",http://cpv.data.ac.uk/code-60000000.html,,,,,,,,,,,,,,,,,,,,,,,,,0,GBP,0,GBP,,"Not specified",,,,,,,2020-08-21T15:00:00Z,,,1,"Contract start","Anticipated contract start date",2020-09-01T01:00:00Z,,2,"Contract end","Anticipated contract end date",2022-07-31T01:00:00Z,,,,Services,,,,,,"Suffolk Sourcing","Russell Road Ipswich",Suffolk,,"IP1 2BX","United Kingdom","Gary Haseman",gary.haseman@suffolk.gov.uk,"03456 066171",,https://www.suffolk.gov.uk/business-jobs-and-careers/tenders-and-supplying-us/,f586509a-1f33-41e5-afe8-e50e1613877f,,"See description of related tender",active,2020-08-23T00:00:00Z,34200,GBP,0,,,,,,,"Newmarket Community Services Ltd - t/a Driving Miss Daisy Newmar","5 The Langtry Mews, Gazeley Road, Kentford, Newmarket, Suffolk, United Kingdom, CB8 7QA",,,,,"Bridgette Banham",,,,GBP,,2020-09-01T00:00:00Z,2022-07-31T00:00:00Z
https://www.contractsfinder.service.gov.uk/Published/Notice/releases/8b1bf749-48d8-4a6f-a6fa-590efb73718e.json,2020-08-23T16:04:31Z,"Office Of Qualifications & Examinations Of Regulations",GB-GOVUK-crown_comercial_service,,https://www.contractsfinder.service.gov.uk,1.1,https://raw.githubusercontent.com/open-contracting/ocds_process_title_extension/v1.1/extension.json,https://www.nationalarchives.gov.uk/doc/open-government-licence/version/2/,https://www.gov.uk/government/publications/open-contracting,ocds-b5fd17-c4f7fdbe-7309-4079-bc78-7e9e37fc5764,ocds-b5fd17-c4f7fdbe-7309-4079-bc78-7e9e37fc5764-372143-of769,en-GB,2020-08-23T16:04:31Z,award,tender,OF769,"Public Confidence Strategy Expertise","1. Strategic advice and support for both academic and vocational qualifications.

2. Qualitative research to inform this advice.",complete,1,"See description of related tender.",CPV,73000000,"Research and development services and related consultancy services",http://cpv.data.ac.uk/code-73000000.html,,,,,,,,,,,,,,,,,,,,,,,,,49250,GBP,0,GBP,direct,"Single tender action (non-OJEU)",,,,,,,2020-06-11T23:59:00Z,,,1,"Contract start","Anticipated contract start date",2020-06-12T00:00:00Z,,2,"Contract end","Anticipated contract end date",2020-09-30T00:00:00Z,,1,,Services,,GB-SRS,sid4gov.cabinetoffice.gov.uk/yDEq36YD,https://supplierregistration.cabinetoffice.gov.uk/notices/buyers.csv,,"Office Of Qualifications & Examinations Of Regulations","53-55 Butts ",COVENTRY,,CV13BH,England,"Katy Harding",procurement@ofqual.gov.uk,,,,51f27520-5a24-4799-8483-b3ced853f39a,,"See description of related tender",active,2020-06-12T00:00:00Z,49250,GBP,0,GB-COH,10149826,,,1,,"PUBLIC FIRST LIMITED","143 Tamworth Road Ashleigh Villas,Long Eaton
NOTTINGHAM
Nottinghamshire
NG10 1BY
GB",,,,,,,,,GBP,49250,2020-06-12T00:00:00Z,2020-09-30T00:00:00Z
https://www.contractsfinder.service.gov.uk/Published/Notice/releases/dd1f4d70-6871-446a-b0d6-8bde3c5beb42.json,2020-08-24T12:04:32Z,"EU SUPPLY LIMITED",GB-GOVUK-crown_comercial_service,,https://www.contractsfinder.service.gov.uk,1.1,https://raw.githubusercontent.com/open-contracting/ocds_process_title_extension/v1.1/extension.json,https://www.nationalarchives.gov.uk/doc/open-government-licence/version/2/,https://www.gov.uk/government/publications/open-contracting,ocds-b5fd17-69e88346-a2a9-4eba-a45b-d792d11fd972,ocds-b5fd17-69e88346-a2a9-4eba-a45b-d792d11fd972-377510-20200823160028-72814,en-GB,2020-08-24T12:04:32Z,tenderAmendment,tender,20200823160028-72814,"Cryopump System for MAST-U Enhancements","The United Kingdom Atomic Energy Authority owns and operates the Culham Centre for Fusion Energy (CCFE) which is the UK's national laboratory for fusion research. CCFE is based at Culham Science Centre in Oxfordshire.
The UK fusion programme is centred on the innovative MAST (Mega Amp Spherical Tokamak) experiment which is also based at CCFE and employs around 150 people. The programme is funded by the Engineering and Physical Sciences Research Council and the European Union under the EURATOM treaty.
MAST has led studies into the spherical Tokamak, a compact fusion concept pioneered at Culham. A major upgrade of the MAST machine is currently underway and this will enhance MAST's role in international research to:
• Make the case for a fusion Component Test Facility
• Add to the knowledge base for ITER
• Test reactor concepts
For MAST Upgrade the Authority requires the Detailed Design, Manufacture and Delivery of a Cryopump System for MAST-U Enhancements Project.
Full details of the requirement along with the Invitation to Tender can be downloaded from the link below.  Please note to download from the eu-supply website you need to be registered and logged in (Registration is free).

The Contract Start and End dates are an estimation only.",active,1,"See description of related tender.",CPV,09300000,"Electricity, heating, solar and nuclear energy",http://cpv.data.ac.uk/code-09300000.html,2,"See description of related tender.",CPV,42122450,"Vacuum pumps",http://cpv.data.ac.uk/code-42122450.html,3,"See description of related tender.",CPV,42152000,"Parts of nuclear reactors",http://cpv.data.ac.uk/code-42152000.html,4,"See description of related tender.",CPV,44615000,"Pressure vessels",http://cpv.data.ac.uk/code-44615000.html,5,"See description of related tender.",CPV,73100000,"Research and experimental development services",http://cpv.data.ac.uk/code-73100000.html,0,GBP,1,GBP,,"Other - Open",,,,,"Please apply directly to the buyer using the contact details provided, or follow the instructions given in the notice description or information section.",2020-08-23T16:00:32Z,2020-10-16T12:00:00Z,,,1,"Contract start","Anticipated contract start date",2020-12-18T00:00:00Z,,2,"Contract end","Anticipated contract end date",2021-09-27T00:00:00Z,,1,,Products,,,,,,"United Kingdom Atomic Energy Authority","Culham Science Centre ",Abingdon,,"OX14 3DB",ENG,"Robert Franklin",Robert.franklin@ukaea.uk,"+44 1235466915",,www.gov.uk/government/organisations/uk-atomic-energy-authority,,,,,,,,,,,,,,,,,,,,,,,,,,,,
https://www.contractsfinder.service.gov.uk/Published/Notice/releases/6d75a472-8fb2-464f-b54a-f7c5cdde0791.json,2020-08-23T15:31:01Z,"EU SUPPLY LIMITED",GB-GOVUK-crown_comercial_service,,https://www.contractsfinder.service.gov.uk,1.1,https://raw.githubusercontent.com/open-contracting/ocds_process_title_extension/v1.1/extension.json,https://www.nationalarchives.gov.uk/doc/open-government-licence/version/2/,https://www.gov.uk/government/publications/open-contracting,ocds-b5fd17-53ecae70-d622-4996-9257-c4632e0014a3,ocds-b5fd17-53ecae70-d622-4996-9257-c4632e0014a3-377407-20200823153057-3510,en-GB,2020-08-23T15:31:01Z,tender,tender,20200823153057-3510,"Provision of MV Oceanic Pintail Decommissioning Services","The Contracting Authority is looking to have the scope of work delivered by one supplier. A overview description of the scope is set out in CTM. 

- Delivery Voyage - the transfer of the Oceanic Pintail from the its home port of Barrow-in-Furness to the awarded Ship Recycling Facility.

- Post-Delivery Sale Preparation - the detailed cleaning phase and issue of a final cleaning certificate, to be carried out by the Ship Recycling Facility/Contractor.

- Demolition and Recycling - the breaking and recovery of materials and issue of a final recycling certificate) to be carried out by the Ship Recycling Facility/Contractor.",active,1,"See description of related tender.",CPV,34510000,Ships,http://cpv.data.ac.uk/code-34510000.html,2,"See description of related tender.",CPV,50241000,"Repair and maintenance services of ships",http://cpv.data.ac.uk/code-50241000.html,3,"See description of related tender.",CPV,50241100,"Vessel repair services",http://cpv.data.ac.uk/code-50241100.html,4,"See description of related tender.",CPV,50243000,"Demolition services of ships",http://cpv.data.ac.uk/code-50243000.html,5,"See description of related tender.",CPV,63727000,"Towing and pushing services of ships",http://cpv.data.ac.uk/code-63727000.html,0,GBP,250000,GBP,,"Open procedure",,,,,"Please apply directly to the buyer using the contact details provided, or follow the instructions given in the notice description or information section.",2020-08-23T15:31:01Z,2020-09-28T00:00:00Z,,,1,"Contract start","Anticipated contract start date",2020-11-30T00:00:00Z,,2,"Contract end","Anticipated contract end date",2021-09-30T00:00:00Z,,1,,Services,,,,,,"CTM Portal for the NDA Shared Services Alliance","Procurement Department Birchwood","Birchwood Park Avenue",,"WA3 6GR",ENG,"Tom  Crowe",Tom.crowe@innuserv.com,"+44 1925802065",,https://www.gov.uk/government/case-studies/shared-services-alliance-ssa-for-nuclear-decommissioning-estate,,,,,,,,,,,,,,,,,,,,,,,,,,,,
https://www.contractsfinder.service.gov.uk/Published/Notice/releases/e363b700-ab83-4654-9266-adb6443b6b30.json,2020-08-23T14:31:12Z,"EU SUPPLY LIMITED",GB-GOVUK-crown_comercial_service,,https://www.contractsfinder.service.gov.uk,1.1,https://raw.githubusercontent.com/open-contracting/ocds_process_title_extension/v1.1/extension.json,https://www.nationalarchives.gov.uk/doc/open-government-licence/version/2/,https://www.gov.uk/government/publications/open-contracting,ocds-b5fd17-67efdebf-012b-42e3-a4a2-c1d087291835,ocds-b5fd17-67efdebf-012b-42e3-a4a2-c1d087291835-377406-20200823143110-3510,en-GB,2020-08-23T14:31:12Z,tender,tender,20200823143110-3510,"Provision of Topographical Surveys.","Topographical Survey, GIS & Planning Tender Scope.

Purpose:
•	Undertake various types of Geospatial Survey for various Sellafield Operating Units. 
•	Maintaining the Sellafield Survey Control Network. 
•	Provide support service to the Spatial Planning to facilitate compliance with SLC16
•	Provide support to the GIS capability.
•	Support the Planning Team for matters pertaining to local authority planning, building regulations and forward land planning strategies.

Specific examples of typical task include but are not limited to:
•	SLC16 GIS dataset updates,
•	Updating SL asset registers (land and buildings), 
•	Future land allocation, 
•	High Resolution Orthorectified Aerial Imagery Capture,
•	Site Wide (external) and Internal 360° Photosphere Capture
•	Spatial data capture, 
•	Electronic and Physical Map productions using ESRI Arc GIS Pro/ ArcGIS Desktop,
•	Spatial data transformation and analysis for data driven decisions making using FME and/or ESRI Arc GIS Pro/ ArcGIS Desktop,
•	ESRI Enterprise (Portal) Map and App creation.
•	Creating custom ESRI Portal App widget (TypeScript/JavaScript web development) 
•	GIS Systems Management - supporting ESRI Infrastructure administration utilising the ESRI PYTHON API, 
•	Contributing to planning and building regulation submissions
•	General data collection, data clean-up",active,1,"See description of related tender.",CPV,71351810,"Topographical services",http://cpv.data.ac.uk/code-71351810.html,2,"See description of related tender.",CPV,71353200,"Dimensional surveying services",http://cpv.data.ac.uk/code-71353200.html,3,"See description of related tender.",CPV,71355200,"Ordnance surveying",http://cpv.data.ac.uk/code-71355200.html,,,,,,,,,,,,,3100000,GBP,3200000,GBP,,"Open procedure",,,,,"Please apply directly to the buyer using the contact details provided, or follow the instructions given in the notice description or information section.",2020-08-23T14:31:12Z,2020-10-08T00:00:00Z,,,1,"Contract start","Anticipated contract start date",2021-04-01T00:00:00Z,,2,"Contract end","Anticipated contract end date",2024-03-31T00:00:00Z,,1,,Services,,,,,,"CTM Portal for the NDA Shared Services Alliance","Banna Court Moor Row","Ingwell Drive",,"CA24 3HW",ENG,"Jack  Brown",jack.x.brown@sellafieldsites.com,"+44 1946788099",,https://www.gov.uk/government/case-studies/shared-services-alliance-ssa-for-nuclear-decommissioning-estate,,,,,,,,,,,,,,,,,,,,,,,,,,,,
https://www.contractsfinder.service.gov.uk/Published/Notice/releases/a48c939a-41f9-4077-a35d-a6bfb4299896.json,2020-08-23T14:31:09Z,"EU SUPPLY LIMITED",GB-GOVUK-crown_comercial_service,,https://www.contractsfinder.service.gov.uk,1.1,https://raw.githubusercontent.com/open-contracting/ocds_process_title_extension/v1.1/extension.json,https://www.nationalarchives.gov.uk/doc/open-government-licence/version/2/,https://www.gov.uk/government/publications/open-contracting,ocds-b5fd17-d6bb4a55-bd02-4ab8-826b-264aaad3e090,ocds-b5fd17-d6bb4a55-bd02-4ab8-826b-264aaad3e090-377405-20200823143105-3510,en-GB,2020-08-23T14:31:09Z,tender,tender,20200823143105-3510,"Provision of Civil Inspections","Civil inspection work will include:

•	Inspection, examination, testing and recording the civil assets in accordance with the OU programmes.

•	Specifying maintenance requirements and the writing of maintenance instructions.

•	Specifying repair requirements.

•	Writing forward maintenance/asset care plans.

•	Analysis of existing structures to identify reserve structural capacity.

•	Specifying refurbishments works so the civil asset capacity is reinstated.

•	Providing advice via suitably qualified and experienced resources on a day-to-day basis, for 6 months, or on a longer basis.

•	Proposing improvements to the process and outputs.

•	Proposing and implementing innovation.

•	Provision of a site manager to control on-site activities.",active,1,"See description of related tender.",CPV,71000000,"Architectural, construction, engineering and inspection services",http://cpv.data.ac.uk/code-71000000.html,2,"See description of related tender.",CPV,71315400,"Building-inspection services",http://cpv.data.ac.uk/code-71315400.html,3,"See description of related tender.",CPV,71631300,"Technical building-inspection services",http://cpv.data.ac.uk/code-71631300.html,4,"See description of related tender.",CPV,71631400,"Technical inspection services of engineering structures",http://cpv.data.ac.uk/code-71631400.html,5,"See description of related tender.",CPV,71631450,"Bridge-inspection services",http://cpv.data.ac.uk/code-71631450.html,3300000,GBP,3400000,GBP,,"Open procedure",,,,,"Please apply directly to the buyer using the contact details provided, or follow the instructions given in the notice description or information section.",2020-08-23T14:31:09Z,2020-10-08T00:00:00Z,,,1,"Contract start","Anticipated contract start date",2021-04-01T00:00:00Z,,2,"Contract end","Anticipated contract end date",2024-03-31T00:00:00Z,,1,,Services,,,,,,"CTM Portal for the NDA Shared Services Alliance","Banna Court Moor Row","Ingwell Drive",,"CA24 3HW",ENG,"Jack  Brown",jack.x.brown@sellafieldsites.com,"+44 1946788099",,https://www.gov.uk/government/case-studies/shared-services-alliance-ssa-for-nuclear-decommissioning-estate,,,,,,,,,,,,,,,,,,,,,,,,,,,,
https://www.contractsfinder.service.gov.uk/Published/Notice/releases/92b76901-19f7-42dc-bf5b-53122c0e31dc.json,2020-08-23T12:30:14Z,"BIP SOLUTIONS LIMITED",GB-GOVUK-crown_comercial_service,,https://www.contractsfinder.service.gov.uk,1.1,https://raw.githubusercontent.com/open-contracting/ocds_process_title_extension/v1.1/extension.json,https://www.nationalarchives.gov.uk/doc/open-government-licence/version/2/,https://www.gov.uk/government/publications/open-contracting,ocds-b5fd17-4b589fb0-536b-49fe-a4d5-f7135d9187b9,ocds-b5fd17-4b589fb0-536b-49fe-a4d5-f7135d9187b9-377404-bip513327726,en-GB,2020-08-23T12:30:14Z,tender,tender,BIP513327726,"Contract for the Provision of a Replacement Control Systems Solution","Essex Police, Fire and Crime Commissioner Fire & Rescue Authority (""the Authority"") wishes to invite organisations to participate in a procurement process for the provision and implementation of both a replacement ESN ready / future proofed Computer Aided Dispatch System (CAD) and Integrated Communication and Control System (ICCS) for Essex County Fire and Rescue Service. The Authority is seeking to appoint one provider to deliver, implement and install both CAD & ICCS systems and to maintain and provide support services for those systems over the duration of the contract; this can be as a consortium, a prime contractor with a variety of subcontractors or a single organisation offering the full service.",active,1,"See description of related tender.",CPV,32412000,"Communications network",http://cpv.data.ac.uk/code-32412000.html,,,,,,,,,,,,,,,,,,,,,,,,,2500000,GBP,0,GBP,,"Negotiated procedure",,,,,"Please apply directly to the buyer using the contact details provided, or follow the instructions given in the notice description or information section.",2020-08-23T12:30:14Z,2020-10-02T00:00:00Z,,,1,"Contract start","Anticipated contract start date",2021-05-03T00:00:00Z,,2,"Contract end","Anticipated contract end date",2027-05-04T00:00:00Z,,1,,Products,,,,,,"Essex Police, Fire and Crime Commissioner Fire and Rescue Authority","Service Headquarters Kelvedon Park London Road",Rivenhall,,"CM8 3HB",UK,,contracts@essex-fire.gov.uk,+441376576000,,,,,,,,,,,,,,,,,,,,,,,,,,,,,,
https://www.contractsfinder.service.gov.uk/Published/Notice/releases/5e121a05-c3cd-40b2-b9a6-5d7967a8910d.json,2020-08-23T11:30:13Z,"BIP SOLUTIONS LIMITED",GB-GOVUK-crown_comercial_service,,https://www.contractsfinder.service.gov.uk,1.1,https://raw.githubusercontent.com/open-contracting/ocds_process_title_extension/v1.1/extension.json,https://www.nationalarchives.gov.uk/doc/open-government-licence/version/2/,https://www.gov.uk/government/publications/open-contracting,ocds-b5fd17-f5e9d9f7-447d-4392-90b9-97e4d84f3b24,ocds-b5fd17-f5e9d9f7-447d-4392-90b9-97e4d84f3b24-377403-bip90554323,en-GB,2020-08-23T11:30:13Z,tender,tender,BIP90554323,"BATSUB Aviation Support","MEDEVAC, General Aviation Support and Aviation Fire Fighting Services for the BATSUB (Belize) areas of training responsibility.",unsuccessful,1,"See description of related tender.",CPV,60400000,"Air transport services",http://cpv.data.ac.uk/code-60400000.html,,,,,,,,,,,,,,,,,,,,,,,,,10000000,GBP,17500000,GBP,,,,,,,"Please apply directly to the buyer using the contact details provided, or follow the instructions given in the notice description or information section.",,2020-08-21T00:00:00Z,,,1,"Contract start","Anticipated contract start date",2021-07-01T00:00:00Z,,2,"Contract end","Anticipated contract end date",2026-07-31T00:00:00Z,,1,,Services,,,,,,"Ministry of Defence, C&C, C&C","Land Warfare Centre Building 95, Waterloo Lines",Warminster,,"BA12 0DJ",UK,,deborah.orchard308@mod.gov.uk,+443001512403,,,,,,,,,,,,,,,,,,,,,,,,,,,,,,
https://www.contractsfinder.service.gov.uk/Published/Notice/releases/20c52415-39ec-45ad-bf79-cd1a6fa60ee8.json,2020-08-23T10:00:14Z,"BIP SOLUTIONS LIMITED",GB-GOVUK-crown_comercial_service,,https://www.contractsfinder.service.gov.uk,1.1,https://raw.githubusercontent.com/open-contracting/ocds_process_title_extension/v1.1/extension.json,https://www.nationalarchives.gov.uk/doc/open-government-licence/version/2/,https://www.gov.uk/government/publications/open-contracting,ocds-b5fd17-98ebed61-6235-4161-b65e-876473eef528,ocds-b5fd17-98ebed61-6235-4161-b65e-876473eef528-377402-bip90546374,en-GB,2020-08-23T10:00:14Z,tender,tender,BIP90546374,"Germany Bulk Ground Fuels (GBGF)","The Defence Fuels Acquisition Programme (DFAP) business unit (known as the Department) within Defence Equipment & Support, has identified a possible requirement for the procurement and supply of DIESO MT fuels to British Forces in Germany. An overview of the requirement is as follows:
      
      •	Procurement and Supply of DIESO MT to Mechanical Transport Fuel Installation (MTFIs). 
      •	Procurement and Supply of DIESO MT to exercise areas. 
      •	Department's Bulk Fuel Carrying Vehicles (BFCVs) to be filled at Supplier's depot. 
      •	Supplier's will be expected to comply with an Departmental exemption from VAT and Mineral Oil Tax. 
      
      It is currently expected that the estimated annual volume of fuel required will be approximately 612,000 litres.",active,1,"See description of related tender.",CPV,09134220,"Diesel fuel (EN 590)",http://cpv.data.ac.uk/code-09134220.html,,,,,,,,,,,,,,,,,,,,,,,,,1500000,GBP,0,GBP,,,,,,,"Please apply directly to the buyer using the contact details provided, or follow the instructions given in the notice description or information section.",2020-08-23T10:00:14Z,2021-03-05T00:00:00Z,,,1,"Contract start","Anticipated contract start date",2021-06-01T00:00:00Z,,2,"Contract end","Anticipated contract end date",2025-05-31T00:00:00Z,,1,,Products,,,,,,"Ministry of Defence, IMOC, Defence Fuels Group","Abbey Wood NH3 Cedar 3a #3360",Bristol,,"BS34 8JH",UK,,michael.holloway943@mod.gov.uk,+447866899367,,,,,,,,,,,,,,,,,,,,,,,,,,,,,,
https://www.contractsfinder.service.gov.uk/Published/Notice/releases/ece0f5a7-64b6-4c87-9e60-422f55193718.json,2020-08-23T09:00:15Z,"BIP SOLUTIONS LIMITED",GB-GOVUK-crown_comercial_service,,https://www.contractsfinder.service.gov.uk,1.1,https://raw.githubusercontent.com/open-contracting/ocds_process_title_extension/v1.1/extension.json,https://www.nationalarchives.gov.uk/doc/open-government-licence/version/2/,https://www.gov.uk/government/publications/open-contracting,ocds-b5fd17-018fc24b-cf0c-46d3-81a8-168625307630,ocds-b5fd17-018fc24b-cf0c-46d3-81a8-168625307630-377401-bip518462917,en-GB,2020-08-23T09:00:15Z,award,tender,BIP518462917,"Provision of CA Workload Automation Software and Support","Provision of CA Workload Automation Software and Support",complete,1,"See description of related tender.",CPV,72222300,"Information technology services",http://cpv.data.ac.uk/code-72222300.html,,,,,,,,,,,,,,,,,,,,,,,,,201160,GBP,0,GBP,,"Restricted procedure",,,,,,,2020-08-18T00:00:00Z,,,1,"Contract start","Anticipated contract start date",2020-09-12T00:00:00Z,,2,"Contract end","Anticipated contract end date",2022-08-31T00:00:00Z,,,,Services,,,,,,"Driver and Vehicle Licensing Agency","Longview Road Morriston",Swansea,,SA67JL,UK,"Sue Roblin",sue.roblin@dvla.gov.uk,+441792782562,,,6f1a109c-371d-43b6-a455-876aedd5ac72,,"See description of related tender",active,2020-08-18T00:00:00Z,201160,GBP,0,,,,,,,"CA Europe SARL","Building A, Lake Geneva Center
        Route de la Longeraie 9
        Morges,
        1110",,,,,,,,,GBP,,2020-09-12T00:00:00Z,2022-08-31T00:00:00Z
https://www.contractsfinder.service.gov.uk/Published/Notice/releases/a9e143fb-a663-493e-a379-7969c3e54bd1.json,2020-08-23T09:00:11Z,"BIP SOLUTIONS LIMITED",GB-GOVUK-crown_comercial_service,,https://www.contractsfinder.service.gov.uk,1.1,https://raw.githubusercontent.com/open-contracting/ocds_process_title_extension/v1.1/extension.json,https://www.nationalarchives.gov.uk/doc/open-government-licence/version/2/,https://www.gov.uk/government/publications/open-contracting,ocds-b5fd17-cd7168d3-c877-48a8-a245-044982683401,ocds-b5fd17-cd7168d3-c877-48a8-a245-044982683401-377400-bip499971908,en-GB,2020-08-23T09:00:11Z,tender,tender,BIP499971908,"PROCUREMENT OF A FRAMEWORK OF ELECTRICAL TESTING SERVICES, DOMESTIC ELECTRICAL INSTALLATION CONDITION REPORTS, ASSOCIATED REPAIRS AND SMOKE DETECTOR REPLACEMENTS","Procurement of a Framework of electrical testing services, Domestic Electrical Installation Condition Reports ( DEICR), associated repairs and smoke detector replacement.",active,1,"See description of related tender.",CPV,71314100,"Electrical services",http://cpv.data.ac.uk/code-71314100.html,,,,,,,,,,,,,,,,,,,,,,,,,1100000,GBP,0,GBP,,"Open procedure",,,,,"Please apply directly to the buyer using the contact details provided, or follow the instructions given in the notice description or information section.",2020-08-23T09:00:11Z,2020-09-21T00:00:00Z,,,1,"Contract start","Anticipated contract start date",2020-12-01T00:00:00Z,,2,"Contract end","Anticipated contract end date",2024-11-30T00:00:00Z,,1,,Services,,,,,,"Gentoo Group","Emperor House 2 Emperor Way",Sunderland,,"SR3 3XR",UK,,joanne.gray@gentoogroup.com,+441915255000,,,,,,,,,,,,,,,,,,,,,,,,,,,,,,
https://www.contractsfinder.service.gov.uk/Published/Notice/releases/f53f920a-58ea-424f-a79c-cf00f4a0cdbd.json,2020-08-23T07:30:18Z,"BIP SOLUTIONS LIMITED",GB-GOVUK-crown_comercial_service,,https://www.contractsfinder.service.gov.uk,1.1,https://raw.githubusercontent.com/open-contracting/ocds_process_title_extension/v1.1/extension.json,https://www.nationalarchives.gov.uk/doc/open-government-licence/version/2/,https://www.gov.uk/government/publications/open-contracting,ocds-b5fd17-277cd608-e2a5-43df-85cb-5dfdc80614a7,ocds-b5fd17-277cd608-e2a5-43df-85cb-5dfdc80614a7-377399-bip517666916,en-GB,2020-08-23T07:30:18Z,tender,tender,BIP517666916,"Cleaning Services 20-30","To establish a Dynamic Purchasing System (DPS) for Cleaning Services for Members of the Northern Housing Consortium. The DPS will be available to be accessed by all current and future Members of the Northern Housing Consortium. Further information on who can access the DPS is available at this link https://consortiumprocurement.org.uk/framework-agreements/who-can-access/ 
      
      The Cleaning Services DPS shall run for 10 years, from 1st October 2020 to 30th September 2030.",active,1,"See description of related tender.",CPV,90900000,"Cleaning and sanitation services",http://cpv.data.ac.uk/code-90900000.html,,,,,,,,,,,,,,,,,,,,,,,,,182500000,GBP,0,GBP,,"Restricted procedure",,,,,"Please apply directly to the buyer using the contact details provided, or follow the instructions given in the notice description or information section.",2020-08-23T07:30:18Z,2020-09-21T00:00:00Z,,,1,"Contract start","Anticipated contract start date",2020-10-01T00:00:00Z,,2,"Contract end","Anticipated contract end date",2030-09-30T00:00:00Z,,1,1,Services,,,,,,"Northern Housing Consortium Ltd","Loftus House Colima Avenue",Sunderland,,"SR5 3XB",UK,,tenders@consortiumprocurement.org.uk,+441915661000,,,,,,,,,,,,,,,,,,,,,,,,,,,,,,
https://www.contractsfinder.service.gov.uk/Published/Notice/releases/1f022975-de76-469a-ae30-829e8c1e7723.json,2020-08-23T07:30:14Z,"BIP SOLUTIONS LIMITED",GB-GOVUK-crown_comercial_service,,https://www.contractsfinder.service.gov.uk,1.1,https://raw.githubusercontent.com/open-contracting/ocds_process_title_extension/v1.1/extension.json,https://www.nationalarchives.gov.uk/doc/open-government-licence/version/2/,https://www.gov.uk/government/publications/open-contracting,ocds-b5fd17-68701536-43ed-4f59-8a41-bd9f3e942fcb,ocds-b5fd17-68701536-43ed-4f59-8a41-bd9f3e942fcb-377398-bip518406977,en-GB,2020-08-23T07:30:14Z,tender,tender,BIP518406977,"Mineral Consultancy","THIS TENDER OPPORTUNITY HAS BEEN CANCELLED AND THE TENDER HAS BEEN WITHDRAWN. 20.08.2020
      
      Forestry England have managed mineral operations on the nationals forest since it was established, and wish to continue to manage and develop the commercial mineral opportunities.  However this must be undertaken in reasonable balance with wider objectives including the production of timber and the interests of conservation. In promoting the multiple benefits of forestry, we also seek to take careful account of the needs and wishes of stakeholders, including local communities. We have 18 sites in England.
      
      We will be awarding a framework agreement for professional Mineral and Waste Management Services in England to a single provider and on the basis of a 3 year contract with the option to extend for a further two, one year periods.",unsuccessful,1,"See description of related tender.",CPV,90713000,"Environmental issues consultancy services",http://cpv.data.ac.uk/code-90713000.html,,,,,,,,,,,,,,,,,,,,,,,,,0,GBP,0,GBP,,,,,,,"Please apply directly to the buyer using the contact details provided, or follow the instructions given in the notice description or information section.",,2020-08-19T00:00:00Z,,,1,"Contract start","Anticipated contract start date",2020-08-20T00:00:00Z,,2,"Contract end","Anticipated contract end date",2020-08-21T00:00:00Z,,1,,Services,,,,,,"Forestry Commission","Building 620, Bristol Business Park ",Bristol,,"BS16 1EJ",UK,,matthew.dobie@forestryengland.uk,+447789654203,,,,,,,,,,,,,,,,,,,,,,,,,,,,,,
