uri,publishedDate,publisher/name,publisher/scheme,publisher/uid,publisher/uri,version,extensions/0,license,publicationPolicy,releases/0/ocid,releases/0/id,releases/0/language,releases/0/date,releases/0/tag/0,releases/0/initiationType,releases/0/tender/id,releases/0/tender/title,releases/0/tender/description,releases/0/tender/status,releases/0/tender/items/0/id,releases/0/tender/items/0/description,releases/0/tender/items/0/classification/scheme,releases/0/tender/items/0/classification/id,releases/0/tender/items/0/classification/description,releases/0/tender/items/0/classification/uri,releases/0/tender/items/1/id,releases/0/tender/items/1/description,releases/0/tender/items/1/classification/scheme,releases/0/tender/items/1/classification/id,releases/0/tender/items/1/classification/description,releases/0/tender/items/1/classification/uri,releases/0/tender/items/2/id,releases/0/tender/items/2/description,releases/0/tender/items/2/classification/scheme,releases/0/tender/items/2/classification/id,releases/0/tender/items/2/classification/description,releases/0/tender/items/2/classification/uri,releases/0/tender/minValue/amount,releases/0/tender/minValue/currency,releases/0/tender/value/amount,releases/0/tender/value/currency,releases/0/tender/procurementMethod,releases/0/tender/procurementMethodDetails,releases/0/tender/procurementMethodRationale,releases/0/tender/awardCriteria,releases/0/tender/awardCriteriaDetails,releases/0/tender/submissionMethod,releases/0/tender/submissionMethodDetails,releases/0/tender/tenderPeriod/startDate,releases/0/tender/tenderPeriod/endDate,releases/0/tender/hasEnquiries,releases/0/tender/eligibilityCriteria,releases/0/tender/milestones/0/id,releases/0/tender/milestones/0/title,releases/0/tender/milestones/0/description,releases/0/tender/milestones/0/dueDate,releases/0/tender/milestones/0/status,releases/0/tender/milestones/1/id,releases/0/tender/milestones/1/title,releases/0/tender/milestones/1/description,releases/0/tender/milestones/1/dueDate,releases/0/tender/milestones/1/status,releases/0/tender/xClassifications/isSuitableForSme,releases/0/tender/xClassifications/isSuitableForVco,releases/0/tender/xClassifications/ojeuContractType,releases/0/tender/supplyChain,releases/0/buyer/identifier/scheme,releases/0/buyer/identifier/id,releases/0/buyer/identifier/uri,releases/0/buyer/identifier/legalName,releases/0/buyer/name,releases/0/buyer/address/streetAddress,releases/0/buyer/address/locality,releases/0/buyer/address/region,releases/0/buyer/address/postalCode,releases/0/buyer/address/countryName,releases/0/buyer/contactPoint/name,releases/0/buyer/contactPoint/email,releases/0/buyer/contactPoint/telephone,releases/0/buyer/contactPoint/faxNumber,releases/0/awards/0/id,releases/0/awards/0/title,releases/0/awards/0/description,releases/0/awards/0/status,releases/0/awards/0/date,releases/0/awards/0/value/amount,releases/0/awards/0/value/currency,releases/0/awards/0/suppliers/0/id,releases/0/awards/0/suppliers/0/identifier/scheme,releases/0/awards/0/suppliers/0/identifier/id,releases/0/awards/0/suppliers/0/identifier/legalName,releases/0/awards/0/suppliers/0/identifier/uri,releases/0/awards/0/suppliers/0/sme,releases/0/awards/0/suppliers/0/vco,releases/0/awards/0/suppliers/0/name,releases/0/awards/0/suppliers/0/address/streetAddress,releases/0/awards/0/suppliers/0/address/locality,releases/0/awards/0/suppliers/0/address/region,releases/0/awards/0/suppliers/0/address/postalCode,releases/0/awards/0/suppliers/0/address/countryName,releases/0/awards/0/suppliers/0/contactPoint/name,releases/0/awards/0/suppliers/0/contactPoint/email,releases/0/awards/0/suppliers/0/contactPoint/telephone,releases/0/awards/0/suppliers/0/contactPoint/faxNumber,releases/0/awards/0/suppliers/0/x_awardValue/currency,releases/0/awards/0/suppliers/0/x_awardValue/amount,releases/0/awards/0/suppliers/1/id,releases/0/awards/0/suppliers/1/identifier/scheme,releases/0/awards/0/suppliers/1/identifier/id,releases/0/awards/0/suppliers/1/identifier/legalName,releases/0/awards/0/suppliers/1/identifier/uri,releases/0/awards/0/suppliers/1/sme,releases/0/awards/0/suppliers/1/vco,releases/0/awards/0/suppliers/1/name,releases/0/awards/0/suppliers/1/address/streetAddress,releases/0/awards/0/suppliers/1/address/locality,releases/0/awards/0/suppliers/1/address/region,releases/0/awards/0/suppliers/1/address/postalCode,releases/0/awards/0/suppliers/1/address/countryName,releases/0/awards/0/suppliers/1/contactPoint/name,releases/0/awards/0/suppliers/1/contactPoint/email,releases/0/awards/0/suppliers/1/contactPoint/telephone,releases/0/awards/0/suppliers/1/contactPoint/faxNumber,releases/0/awards/0/suppliers/1/x_awardValue/currency,releases/0/awards/0/suppliers/1/x_awardValue/amount,releases/0/awards/0/contractPeriod/startDate,releases/0/awards/0/contractPeriod/endDate,releases/0/buyer/contactPoint/uri
https://www.contractsfinder.service.gov.uk/Published/Notice/releases/7b86c7cc-f652-45c5-968a-10f03e270be9.json,2020-08-10T10:00:19Z,"BIP SOLUTIONS LIMITED",GB-GOVUK-crown_comercial_service,,https://www.contractsfinder.service.gov.uk,1.1,https://raw.githubusercontent.com/open-contracting/ocds_process_title_extension/v1.1/extension.json,https://www.nationalarchives.gov.uk/doc/open-government-licence/version/2/,https://www.gov.uk/government/publications/open-contracting,ocds-b5fd17-1c78416c-aacd-4ec1-a418-e8350419fbfe,ocds-b5fd17-1c78416c-aacd-4ec1-a418-e8350419fbfe-374991-bip514483983,en-GB,2020-08-10T10:00:19Z,tenderAmendment,tender,BIP514483983,"Salix Homes Contract for Legionella Water Testing & Associated Services","Text to be corrected in the original notice:
        Place of text to be modified: Date to publish Tender Box and Documents to be available  from 11/08/2020. New Closing date and time to reflect this in line with original OJEU available on TED 11/08
        Instead of: 07 September 2020
        Time: 12:00
        Read New: 11 September 2020
        Time: 07:00
        Other additional information: The date of publish to be changed from Friday 7th August to Tuesday 11th August.  
        The contracting authority considers that this contract may be suitable for economic operators that are small or medium enterprises (SMEs). However, any selection of tenderers will be based solely on the criteria set out for the procurement.
        This is an OJEU Open Procedure for Salford Based, Salix Homes Limited water compliance services and consists of the cyclical maintenance and responsive requirements for Legionella Water Testing and other services associated to Water Testing.  Water Tanks are located in our buildings of various type which can be found within the tender pack at Delta e-sourcing Portal",active,1,"See description of related tender.",CPV,71000000,"Architectural, construction, engineering and inspection services",http://cpv.data.ac.uk/code-71000000.html,,,,,,,,,,,,,230000,GBP,0,GBP,,"Open procedure",,,,,"Please apply directly to the buyer using the contact details provided, or follow the instructions given in the notice description or information section.",2020-08-09T20:30:12Z,2020-09-07T00:00:00Z,,,1,"Contract start","Anticipated contract start date",2020-11-01T00:00:00Z,,2,"Contract end","Anticipated contract end date",2022-10-31T00:00:00Z,,1,,Services,,,,,,"Salix Homes Limited","Diamond House 2 Peel Cross Road",Manchester,,"M5 4DT",UK,,emma.hyland@salixhomes.co.uk,+448002182000,,,,,,,,,,,,,,,,,,,,,,,,,,,,,,,,,,,,,,,,,,,,,,,,,
https://www.contractsfinder.service.gov.uk/Published/Notice/releases/2c78e95c-1eb0-4d99-a166-6a7f5e8de31a.json,2020-08-09T19:43:50Z,"RADIOACTIVE WASTE MANAGEMENT LIMITED",GB-GOVUK-crown_comercial_service,,https://www.contractsfinder.service.gov.uk,1.1,https://raw.githubusercontent.com/open-contracting/ocds_process_title_extension/v1.1/extension.json,https://www.nationalarchives.gov.uk/doc/open-government-licence/version/2/,https://www.gov.uk/government/publications/open-contracting,ocds-b5fd17-2699a761-d94f-443f-8987-83bb08ea4b15,ocds-b5fd17-2699a761-d94f-443f-8987-83bb08ea4b15-374943-rwm010548,en-GB,2020-08-09T19:43:50Z,award,tender,RWM010548,"Outreach Team Personal Safety e-Learning Programme and Outreach Personal Safety Half Day Workshops","Outreach Team Personal Safety e-Learning Programme and Outreach Personal Safety Half Day Workshops",complete,1,"See description of related tender.",CPV,73000000,"Research and development services and related consultancy services",http://cpv.data.ac.uk/code-73000000.html,,,,,,,,,,,,,12170,GBP,0,GBP,selective,"Call off from a Framework Agreement",,,,,,,2020-08-07T12:00:00Z,,,1,"Contract start","Anticipated contract start date",2020-08-10T00:00:00Z,,2,"Contract end","Anticipated contract end date",2021-03-31T00:00:00Z,,1,,Services,,GB-GOR,OT1150,https://government-organisation.register.gov.uk/record/OT1150,,"RADIOACTIVE WASTE MANAGEMENT LIMITED","Radioactive Waste Management Limited Building 329, Thomson Avenue, Harwell Campus","Didcot, Oxon",,"OX11 0GD",England,"Lynn Leniewski",lynn.leniewski@nda.gov.uk,"01925 802894",,b9154875-a3d8-45fc-81b4-ee5cbf3874ec,,"See description of related tender",active,2020-08-07T00:00:00Z,12170,GBP,0,GB-COH,5997338,,,1,,"Premier Partnerships","3 Derwent House
Richmond Business Park
Sidings Court
Doncaster
DN4 5NL",,,,,,,,,GBP,,,,,,,,,,,,,,,,,,,,,2020-08-10T00:00:00Z,2021-03-31T00:00:00Z,
https://www.contractsfinder.service.gov.uk/Published/Notice/releases/95617025-c51a-4292-b5a4-adbf7b251c37.json,2020-08-09T19:06:47Z,"BRAVOSOLUTION UK LIMITED",GB-GOVUK-crown_comercial_service,,https://www.contractsfinder.service.gov.uk,1.1,https://raw.githubusercontent.com/open-contracting/ocds_process_title_extension/v1.1/extension.json,https://www.nationalarchives.gov.uk/doc/open-government-licence/version/2/,https://www.gov.uk/government/publications/open-contracting,ocds-b5fd17-4496cf41-fd67-45aa-a56b-21a180cc0bf3,ocds-b5fd17-4496cf41-fd67-45aa-a56b-21a180cc0bf3-374942-tender_247585-877937,en-GB,2020-08-09T19:06:47Z,tender,tender,tender_247585/877937,"itt__31388 - Provision of License Renewal for Existing Prescribing Software","Great Western Hospitals NHS Foundation Trust has implemented software licenses developed by RX-Info Limited to facilitate the monitoring of drug usage. The Trust is now seeking proposals for the annual renewal of these licenses, as outlined in the Request for Quote (RfQ) Document. 

The contract will be let for an initial three year term, with annual break clauses.",unsuccessful,1,"See description of related tender.",CPV,48517000,"IT software package",http://cpv.data.ac.uk/code-48517000.html,,,,,,,,,,,,,39000,GBP,0,GBP,open,"Open (non-OJEU)",,,,,"Please apply directly to the buyer using the contact details provided, or follow the instructions given in the notice description or information section.",,2020-08-14T13:00:00Z,,,1,"Contract start","Anticipated contract start date",2020-09-01T00:00:00Z,,2,"Contract end","Anticipated contract end date",2023-08-31T00:00:00Z,,1,,Services,,,,,,"Bath and Northeast Somerset, Swindon and Wiltshire STP","Marlborough Road ",Swindon,,"SN3 6BB",England,,emily.ohare@nhs.net,,,,,,,,,,,,,,,,,,,,,,,,,,,,,,,,,,,,,,,,,,,,,,,,,,
https://www.contractsfinder.service.gov.uk/Published/Notice/releases/f23679f6-3cc0-43c1-9f29-23da23ef79dc.json,2020-08-09T17:00:03Z,"BIP SOLUTIONS LIMITED",GB-GOVUK-crown_comercial_service,,https://www.contractsfinder.service.gov.uk,1.1,https://raw.githubusercontent.com/open-contracting/ocds_process_title_extension/v1.1/extension.json,https://www.nationalarchives.gov.uk/doc/open-government-licence/version/2/,https://www.gov.uk/government/publications/open-contracting,ocds-b5fd17-bb86207d-6439-4685-bea9-7a71a80004ac,ocds-b5fd17-bb86207d-6439-4685-bea9-7a71a80004ac-374941-bip89959349,en-GB,2020-08-09T17:00:03Z,award,tender,BIP89959349,"Procurement of additional Emergency Personal Locating Beacons (EPLB) for Texan and P8.","To procure 72 EPLB systems and modification kits for the provision of UK Aircrew Equipment Assemblies (AEA) and Texan. To procure 260 EPLB systems and modification kits for the provision of UK Aircrew Equipment Assemblies (AEA) and P-8A Poseidon aircrew.",complete,1,"See description of related tender.",CPV,34928430,Beacons,http://cpv.data.ac.uk/code-34928430.html,,,,,,,,,,,,,2038000,GBP,0,GBP,,"Not specified",,,,,,,2020-08-05T00:00:00Z,,,1,"Contract start","Anticipated contract start date",2020-08-16T00:00:00Z,,2,"Contract end","Anticipated contract end date",2020-08-31T00:00:00Z,,,,Products,,,,,,"Ministry of Defence, Air Support, Air Platform Systems Project Team (APS PT)","NH1 Abbeywood",Bristol,,"BS34 8JH",UK,,Bethany.Thompson114@mod.gov.uk,+443067987479,,277b2153-8263-4db5-b71a-e7fc8419da6c,,"See description of related tender",active,2020-08-05T00:00:00Z,2038000,GBP,0,,,,,,,"Ferranti Technologies Limited","Cairo House, Waterhead
        Oldham
        OL4 3JA",,,,,,,,,GBP,,,,,,,,,,,,,,,,,,,,,2020-08-16T00:00:00Z,2020-08-31T00:00:00Z,
https://www.contractsfinder.service.gov.uk/Published/Notice/releases/28658324-a7ff-41c8-8d84-c37fabb66ca6.json,2020-08-09T16:00:31Z,"EU SUPPLY LIMITED",GB-GOVUK-crown_comercial_service,,https://www.contractsfinder.service.gov.uk,1.1,https://raw.githubusercontent.com/open-contracting/ocds_process_title_extension/v1.1/extension.json,https://www.nationalarchives.gov.uk/doc/open-government-licence/version/2/,https://www.gov.uk/government/publications/open-contracting,ocds-b5fd17-482a6635-2d79-4f5b-b185-98d6df9dc6a9,ocds-b5fd17-482a6635-2d79-4f5b-b185-98d6df9dc6a9-374940-20200809160027-39,en-GB,2020-08-09T16:00:31Z,tender,tender,20200809160027-39,"PROVISION OF C1 DRIVER TRAINING PROGRAMME","The North West Ambulance Service NHS Trust wishes to identify an independent provider(s) of a fully managed driving licence category (C1) training programme.
This procurement is being run under the Light Touch Regime PCR 2015",active,1,"See description of related tender.",CPV,80411200,"Driving lessons",http://cpv.data.ac.uk/code-80411200.html,,,,,,,,,,,,,0,GBP,1,GBP,,"Other - ",,,,,"Please apply directly to the buyer using the contact details provided, or follow the instructions given in the notice description or information section.",2020-08-09T16:00:31Z,2020-09-03T00:00:00Z,,,1,"Contract start","Anticipated contract start date",2020-09-04T00:00:00Z,,2,"Contract end","Anticipated contract end date",2020-09-05T00:00:00Z,,1,1,Services,,,,,,"NHS Shared Business Services Ltd (NHS SBS)","Chorley New Road ",Bolton,,"BL1 5DD",ENG,"Vicki Stansfield",Vicki.Stansfield@nwas.nhs.uk,"+44 1204498438",,,,,,,,,,,,,,,,,,,,,,,,,,,,,,,,,,,,,,,,,,,,,,,,,
https://www.contractsfinder.service.gov.uk/Published/Notice/releases/5bc56f0e-c772-4ebe-991e-04076ed50304.json,2020-08-09T16:00:02Z,"BIP SOLUTIONS LIMITED",GB-GOVUK-crown_comercial_service,,https://www.contractsfinder.service.gov.uk,1.1,https://raw.githubusercontent.com/open-contracting/ocds_process_title_extension/v1.1/extension.json,https://www.nationalarchives.gov.uk/doc/open-government-licence/version/2/,https://www.gov.uk/government/publications/open-contracting,ocds-b5fd17-de948e4a-2084-4794-9e7c-b44e7dd7daae,ocds-b5fd17-de948e4a-2084-4794-9e7c-b44e7dd7daae-374938-bip509466222,en-GB,2020-08-09T16:00:02Z,tender,tender,BIP509466222,"Clapham Park Phase 2 Joint Venture - MTVH","Metropolitan Thames Valley Housing (""MTVH"") is the trading name of Metropolitan Housing Trust Limited (""MHT"") and Thames Valley Housing Association (""TVHA""). MHT is seeking to appoint a partner to form a corporate joint venture vehicle (50:50 basis) to secure investment and expertise to deliver the Clapham Park Phase 2 estate regeneration project under the Competitive Procedure with Negotiation. It is envisaged that Metropolitan Living Limited (a wholly-owned subsidiary of MHT) will enter into the JV agreement with the selected joint venture partner for the establishment of the joint venture entity. The Clapham Park Phase 2 estate regeneration project will provide in the region of 2,388 new homes, non-residential, public realm & infrastructure as further set out in the planning permission, project brief and procurement documentation.",active,1,"See description of related tender.",CPV,45000000,"Construction work",http://cpv.data.ac.uk/code-45000000.html,,,,,,,,,,,,,800000000,GBP,0,GBP,,"Negotiated procedure",,,,,"Please apply directly to the buyer using the contact details provided, or follow the instructions given in the notice description or information section.",2020-08-09T16:00:02Z,2020-09-15T00:00:00Z,,,1,"Contract start","Anticipated contract start date",2021-06-24T00:00:00Z,,2,"Contract end","Anticipated contract end date",2036-06-23T00:00:00Z,,,,Works,,,,,,"Metropolitan Housing Trust Limited","The Grange 100 High Street",London,,"N14 1PW",UK,,harkinderjit.hayer@metropolitan.org.uk,+447999694088,,,,,,,,,,,,,,,,,,,,,,,,,,,,,,,,,,,,,,,,,,,,,,,,,
https://www.contractsfinder.service.gov.uk/Published/Notice/releases/60cb8b01-0ba6-430b-a94a-94228f5821d1.json,2020-08-09T15:00:32Z,"EU SUPPLY LIMITED",GB-GOVUK-crown_comercial_service,,https://www.contractsfinder.service.gov.uk,1.1,https://raw.githubusercontent.com/open-contracting/ocds_process_title_extension/v1.1/extension.json,https://www.nationalarchives.gov.uk/doc/open-government-licence/version/2/,https://www.gov.uk/government/publications/open-contracting,ocds-b5fd17-499d2e84-74fb-4335-b1e3-53056eeaed72,ocds-b5fd17-499d2e84-74fb-4335-b1e3-53056eeaed72-374937-20200809150027-18,en-GB,2020-08-09T15:00:32Z,tender,tender,20200809150027-18,"Food & Green Waste Disposal","A waste management service for the reception and recycling/ composting of Authorised Organic Waste in accordance with the service requirements. The management, storage, treatment, removal, transportation and disposal of all products and all residues from the Service;",active,1,"See description of related tender.",CPV,90500000,"Refuse and waste related services",http://cpv.data.ac.uk/code-90500000.html,2,"See description of related tender.",CPV,90510000,"Refuse disposal and treatment",http://cpv.data.ac.uk/code-90510000.html,3,"See description of related tender.",CPV,90513000,"Non-hazardous refuse and waste treatment and disposal services",http://cpv.data.ac.uk/code-90513000.html,1000000,GBP,1200000,GBP,,"Open procedure",,,,,"Please apply directly to the buyer using the contact details provided, or follow the instructions given in the notice description or information section.",2020-08-09T15:00:32Z,2020-09-16T00:00:00Z,,,1,"Contract start","Anticipated contract start date",2021-07-14T00:00:00Z,,2,"Contract end","Anticipated contract end date",2024-07-12T00:00:00Z,,1,,Services,,,,,,"London Borough of Lambeth","Town Hall, Brixton Hill ",London,,"SW2 1RW",ENG,"Sophie Eveso",seveso@lambeth.gov.uk,,,,,,,,,,,,,,,,,,,,,,,,,,,,,,,,,,,,,,,,,,,,,,,,,,www.lambeth.gov.uk
https://www.contractsfinder.service.gov.uk/Published/Notice/releases/64307e64-9948-46f3-89aa-c0168ce881e2.json,2020-08-09T14:30:12Z,"BIP SOLUTIONS LIMITED",GB-GOVUK-crown_comercial_service,,https://www.contractsfinder.service.gov.uk,1.1,https://raw.githubusercontent.com/open-contracting/ocds_process_title_extension/v1.1/extension.json,https://www.nationalarchives.gov.uk/doc/open-government-licence/version/2/,https://www.gov.uk/government/publications/open-contracting,ocds-b5fd17-d3eff5d3-a59a-49c8-b686-2c7c23cb3af1,ocds-b5fd17-d3eff5d3-a59a-49c8-b686-2c7c23cb3af1-374936-bip514607311,en-GB,2020-08-09T14:30:12Z,tender,tender,BIP514607311,"2021/35 - Storage, Labelling, QP Release and Distribution of an Investigational Medicinal Product (IMP) for a Clinical Trial","The University of Leeds is seeking tenders for an organisation to provide storage and distribution of Clinical Trial Supply of an Investigational Medicinal Product",active,1,"See description of related tender.",CPV,73111000,"Research laboratory services",http://cpv.data.ac.uk/code-73111000.html,,,,,,,,,,,,,500000,GBP,0,GBP,,"Open procedure",,,,,"Please apply directly to the buyer using the contact details provided, or follow the instructions given in the notice description or information section.",2020-08-09T14:30:12Z,2020-09-07T00:00:00Z,,,1,"Contract start","Anticipated contract start date",2020-10-01T00:00:00Z,,2,"Contract end","Anticipated contract end date",2028-03-31T00:00:00Z,,,,Services,,,,,,"University of Leeds","Purchasing Office 1 - 3 Lifton Villas",Leeds,,"LS2 9JZ",UK,,f.coleman@leeds.ac.uk,+441133434339,,,,,,,,,,,,,,,,,,,,,,,,,,,,,,,,,,,,,,,,,,,,,,,,,
https://www.contractsfinder.service.gov.uk/Published/Notice/releases/6be29b7f-f04e-4dd4-a2bb-68ae52bb5abf.json,2020-08-09T14:00:16Z,"BIP SOLUTIONS LIMITED",GB-GOVUK-crown_comercial_service,,https://www.contractsfinder.service.gov.uk,1.1,https://raw.githubusercontent.com/open-contracting/ocds_process_title_extension/v1.1/extension.json,https://www.nationalarchives.gov.uk/doc/open-government-licence/version/2/,https://www.gov.uk/government/publications/open-contracting,ocds-b5fd17-7c8d5865-c047-44d1-b787-b83ff46b31aa,ocds-b5fd17-7c8d5865-c047-44d1-b787-b83ff46b31aa-374935-bip514007701,en-GB,2020-08-09T14:00:16Z,award,tender,BIP514007701,"Information Technology - Data Strategies and Delivery","DCMS is seeking to set up a single supplier framework focused on improving and optimising the delivery of the department's IT data strategy.
      
      DCMS requires a supplier to undertake the following methodology for each business requirement/statements of work: Discovery, Design, Develop, Deliver & Support DCMS' current business processes, reviewing existing data sources and flows, and uncovering critical areas for improvement; in particular, applying AI/ML techniques, as well as identifying quick wins for immediate implementation. 
      
      A supplier is required to develop 'data strategies', data governance principles, the solution vision and implement the roadmap for an accredited data platform for various DCMS teams. Although largely understood, the landscape of what the supplier needs to support DCMS with is yet largely to be completely defined, as the requirements of departmental teams are at various stages of development, with some lacking maturity.",complete,1,"See description of related tender.",CPV,72300000,"Data services",http://cpv.data.ac.uk/code-72300000.html,,,,,,,,,,,,,1000000,GBP,0,GBP,,"Open procedure",,,,,,,2020-06-01T00:00:00Z,,,1,"Contract start","Anticipated contract start date",2020-06-09T00:00:00Z,,2,"Contract end","Anticipated contract end date",2022-05-31T00:00:00Z,,1,1,Services,,,,,,"Department of Digital, Culture, Media and Sport","100 Parliament Street ",London,,"SW1A 2BQ",UK,,commercial@culture.gov.uk,+442072116824,,01f0fbad-0772-409b-b532-acadf078c531,,"See description of related tender",active,2020-06-01T00:00:00Z,1000000,GBP,0,,,,,,,"SoftServe Systems Limited","Gresham Legal Central Court
        25 Southampton Buildings
        London
        WC2A 1AL",,,,,,,,,GBP,,,,,,,,,,,,,,,,,,,,,2020-06-09T00:00:00Z,2022-05-31T00:00:00Z,
https://www.contractsfinder.service.gov.uk/Published/Notice/releases/7419d689-7985-4369-b3ef-8b0381bb445e.json,2020-08-09T14:00:05Z,"BIP SOLUTIONS LIMITED",GB-GOVUK-crown_comercial_service,,https://www.contractsfinder.service.gov.uk,1.1,https://raw.githubusercontent.com/open-contracting/ocds_process_title_extension/v1.1/extension.json,https://www.nationalarchives.gov.uk/doc/open-government-licence/version/2/,https://www.gov.uk/government/publications/open-contracting,ocds-b5fd17-522e9ed2-bac1-4f23-94d0-a759ce982614,ocds-b5fd17-522e9ed2-bac1-4f23-94d0-a759ce982614-374934-bip89947660,en-GB,2020-08-09T14:00:05Z,award,tender,BIP89947660,"Post Design Services for Viking Gliders","United Kingdom Military Flying Training System (UKMFTS) has a requirement to contract with an Organisation(s) to cover the provision of Post Design Services, Supply of Aircraft Modification Sets, the Preparation and Supply of Amendments to Technical Publications and Other Documents Relating to the Viking TMk1 (Grob G103A Twin II Acro) Glider Aircraft.",complete,1,"See description of related tender.",CPV,50200000,"Repair, maintenance and associated services related to aircraft, railways, roads and marine equipment",http://cpv.data.ac.uk/code-50200000.html,,,,,,,,,,,,,2550000,GBP,0,GBP,,"Open procedure",,,,,,,2020-07-31T00:00:00Z,,,1,"Contract start","Anticipated contract start date",2020-08-01T00:00:00Z,,2,"Contract end","Anticipated contract end date",2022-07-31T00:00:00Z,,1,,Services,,,,,,"Ministry of Defence, Combat Air, UK Military Flying Training System (UKMFTS) Project Team","MOD Abbey Wood, #7001, 1st Floor Building 1300",Bristol,,"BS34 8JH",UK,,phil.ralls102@mod.gov.uk,+447950866721,,c0d04cd9-22e0-4900-9b72-052f636232d3,,"See description of related tender",active,2020-07-31T00:00:00Z,2550000,GBP,0,,,,,,,"Atkins Limited","Woodcote Grove
        Ashley Road
        Epsom",,,,,,,,,GBP,,,,,,,,,,,,,,,,,,,,,2020-08-01T00:00:00Z,2022-07-31T00:00:00Z,
https://www.contractsfinder.service.gov.uk/Published/Notice/releases/920de0ad-7a1c-4376-ad60-c8e1413e19d4.json,2020-08-09T13:30:02Z,"BIP SOLUTIONS LIMITED",GB-GOVUK-crown_comercial_service,,https://www.contractsfinder.service.gov.uk,1.1,https://raw.githubusercontent.com/open-contracting/ocds_process_title_extension/v1.1/extension.json,https://www.nationalarchives.gov.uk/doc/open-government-licence/version/2/,https://www.gov.uk/government/publications/open-contracting,ocds-b5fd17-f5565d35-d655-4589-9268-55e850bd8287,ocds-b5fd17-f5565d35-d655-4589-9268-55e850bd8287-374933-bip507003881,en-GB,2020-08-09T13:30:02Z,tender,tender,BIP507003881,"Hybrid and Electronic Vehicle Training","As more and more of the alternative fuel propulsion system is encountered, DVSA need to ensure that all inspection staff, be it roadside or at periodic technical inspection, can deal with both Hybrid and Electric vehicles safely. DVSA inspection staff therefore require training to provide awareness of the systems and the dangers involved inherent with the design of such vehicles.
      
      DVSA is looking to procure services from a Supplier to deliver a nationally recognised qualification, Level 2 to all inspection staff (approximately 1100 staff) on the safe inspection of Hybrid and Electric vehicles.",active,1,"See description of related tender.",CPV,80500000,"Training services",http://cpv.data.ac.uk/code-80500000.html,,,,,,,,,,,,,460000,GBP,0,GBP,,"Open procedure",,,,,"Please apply directly to the buyer using the contact details provided, or follow the instructions given in the notice description or information section.",2020-08-09T13:30:02Z,2020-09-17T00:00:00Z,,,1,"Contract start","Anticipated contract start date",2020-10-23T00:00:00Z,,2,"Contract end","Anticipated contract end date",2023-10-22T00:00:00Z,,1,,Services,,,,,,"The Driver and Vehicle Standards Agency","Berkeley House Croydon Street",Bristol,,"BS5 0DA",UK,,procurement.branch@dsa.gsi.gov.uk,+441159366844,,,,,,,,,,,,,,,,,,,,,,,,,,,,,,,,,,,,,,,,,,,,,,,,,
https://www.contractsfinder.service.gov.uk/Published/Notice/releases/a7043e3c-2f6a-4839-aea0-40d47fafa3fb.json,2020-08-09T12:30:33Z,"EU SUPPLY LIMITED",GB-GOVUK-crown_comercial_service,,https://www.contractsfinder.service.gov.uk,1.1,https://raw.githubusercontent.com/open-contracting/ocds_process_title_extension/v1.1/extension.json,https://www.nationalarchives.gov.uk/doc/open-government-licence/version/2/,https://www.gov.uk/government/publications/open-contracting,ocds-b5fd17-38b83461-884a-476f-90c4-9c84fb684587,ocds-b5fd17-38b83461-884a-476f-90c4-9c84fb684587-374932-20200809123027-28,en-GB,2020-08-09T12:30:33Z,tender,tender,20200809123027-28,"Weedington Estate heating replacement","Works to Weedington Estate, NW5, to cover the replacement of the total life-expired and failing heating and hot water distribution network pipework and heating and hot water pipework, the heat emitters and controls within dwellings including the associated plant and equipment within the sub plant rooms.",active,1,"See description of related tender.",CPV,45331100,"Central-heating installation work",http://cpv.data.ac.uk/code-45331100.html,2,"See description of related tender.",CPV,45350000,"Mechanical installations",http://cpv.data.ac.uk/code-45350000.html,,,,,,,0,GBP,9000000,GBP,,"Restricted procedure",,,,,"Please apply directly to the buyer using the contact details provided, or follow the instructions given in the notice description or information section.",2020-08-09T12:30:33Z,2020-09-07T00:00:00Z,,,1,"Contract start","Anticipated contract start date",2021-06-07T00:00:00Z,,2,"Contract end","Anticipated contract end date",2023-06-09T00:00:00Z,,,,Works,,,,,,"London Borough of Camden","5 Pancras Square ",London,,"N1C 4AG",ENG,"Richard Le Donne",Richard.LeDonne@camden.gov.uk,"+44 79742106",,,,,,,,,,,,,,,,,,,,,,,,,,,,,,,,,,,,,,,,,,,,,,,,,
https://www.contractsfinder.service.gov.uk/Published/Notice/releases/cc1c76b8-94a1-48ba-8944-cd4b32fb4b6a.json,2020-08-09T12:30:12Z,"BIP SOLUTIONS LIMITED",GB-GOVUK-crown_comercial_service,,https://www.contractsfinder.service.gov.uk,1.1,https://raw.githubusercontent.com/open-contracting/ocds_process_title_extension/v1.1/extension.json,https://www.nationalarchives.gov.uk/doc/open-government-licence/version/2/,https://www.gov.uk/government/publications/open-contracting,ocds-b5fd17-2a4473f0-f572-4769-8b40-9129286eb569,ocds-b5fd17-2a4473f0-f572-4769-8b40-9129286eb569-374931-bip510871817,en-GB,2020-08-09T12:30:12Z,tender,tender,BIP510871817,"Provision of 5G Mast's (Static and Mobile) and local private network for the Riseholme Campus","This is a request for market engagement and for any interested parties to make contact and engage with the University
      
      The University is looking for a supplier who can supply, build and maintain a local (Private) 5G Stand Alone wireless network, including the provision of: the infrastructure (both hardware and software); static masts to provide coverage of two distinct areas and connectivity via 10GB link for Cloud computing; a mobile pop up mast capable of being towed by a normal road vehicle (e.g. maximum weight 3500kg) and provide completely stand-alone capability (e.g. power, edge-compute capabilities); and the licence to OFCOM for the spectrum licence(s) for the Riseholme Campus and other sites, to be advised, as and when the mobile solution needs to be deployed.
      
      A key component of this requirement is the provision of a mobile/pop up mast that will use the 5G network in remote areas of the county. This is an important element of the project needed to facilitate the research.",unsuccessful,1,"See description of related tender.",CPV,32510000,"Wireless telecommunications system",http://cpv.data.ac.uk/code-32510000.html,,,,,,,,,,,,,350000,GBP,0,GBP,,,,,,,"Please apply directly to the buyer using the contact details provided, or follow the instructions given in the notice description or information section.",,2020-08-19T00:00:00Z,,,1,"Contract start","Anticipated contract start date",2020-10-01T00:00:00Z,,2,"Contract end","Anticipated contract end date",2020-10-31T00:00:00Z,,,,Products,,,,,,"University of Lincoln","Campus Way ",Lincoln,,"LN6 7TS",UK,,vmelides@lincoln.ac.uk,+441522882000,,,,,,,,,,,,,,,,,,,,,,,,,,,,,,,,,,,,,,,,,,,,,,,,,
https://www.contractsfinder.service.gov.uk/Published/Notice/releases/fcb777e9-f7c8-4850-8fae-2ef95ae299f2.json,2020-08-09T12:00:02Z,"BIP SOLUTIONS LIMITED",GB-GOVUK-crown_comercial_service,,https://www.contractsfinder.service.gov.uk,1.1,https://raw.githubusercontent.com/open-contracting/ocds_process_title_extension/v1.1/extension.json,https://www.nationalarchives.gov.uk/doc/open-government-licence/version/2/,https://www.gov.uk/government/publications/open-contracting,ocds-b5fd17-78e38339-3d00-4009-9c6a-dd916af258d1,ocds-b5fd17-78e38339-3d00-4009-9c6a-dd916af258d1-374930-bip89925092,en-GB,2020-08-09T12:00:02Z,award,tender,BIP89925092,"Submarine Main Batteries Batch 8","Procurement, maintenance, support and disposal of Royal Navy Submarine Type 8800 main battery cells, associated support equipment, and spares which are required to support the fleet of Vanguard, Astute, and Trafalgar Class submarines.",complete,1,"See description of related tender.",CPV,31421000,"Lead batteries",http://cpv.data.ac.uk/code-31421000.html,,,,,,,,,,,,,2840000,GBP,0,GBP,,"Not specified",,,,,,,2020-08-05T00:00:00Z,,,1,"Contract start","Anticipated contract start date",2021-02-01T00:00:00Z,,2,"Contract end","Anticipated contract end date",2022-08-31T00:00:00Z,,,,Products,,,,,,"Ministry of Defence, Submarines, In-Service Submarines (ISM) Team","Ash 1A, #3112 Abbey Wood",Bristol,,"BS34 8JH",UK,,lee.vout100@mod.gov.uk,+443067937691,,155be34a-1e7e-4044-b175-a5bff572387b,,"See description of related tender",active,2020-08-05T00:00:00Z,2840000,GBP,0,,,,,,,"Enersys Limited","Stephenson Street
        Newport, South Wales
        NP19 4XJ",,,,,,,,,GBP,,,,,,,,,,,,,,,,,,,,,2021-02-01T00:00:00Z,2022-08-31T00:00:00Z,
https://www.contractsfinder.service.gov.uk/Published/Notice/releases/b99401e6-3cab-459a-8dea-829ee5af8601.json,2020-08-09T10:30:12Z,"BIP SOLUTIONS LIMITED",GB-GOVUK-crown_comercial_service,,https://www.contractsfinder.service.gov.uk,1.1,https://raw.githubusercontent.com/open-contracting/ocds_process_title_extension/v1.1/extension.json,https://www.nationalarchives.gov.uk/doc/open-government-licence/version/2/,https://www.gov.uk/government/publications/open-contracting,ocds-b5fd17-5d8d7478-19af-4fbc-9c38-658d4cfa8c2f,ocds-b5fd17-5d8d7478-19af-4fbc-9c38-658d4cfa8c2f-374929-bip89930317,en-GB,2020-08-09T10:30:12Z,tender,tender,BIP89930317,"Chemical Detection Monitor","Supply of  Qty 10 Hand-Held, portable Chemical Detection Monitors",active,1,"See description of related tender.",CPV,38341500,"Contamination-monitoring devices",http://cpv.data.ac.uk/code-38341500.html,,,,,,,,,,,,,150000,GBP,0,GBP,,"Open procedure",,,,,"Please apply directly to the buyer using the contact details provided, or follow the instructions given in the notice description or information section.",2020-08-09T10:30:12Z,2020-09-09T00:00:00Z,,,1,"Contract start","Anticipated contract start date",2020-09-25T00:00:00Z,,2,"Contract end","Anticipated contract end date",2020-12-24T00:00:00Z,,1,,Products,,,,,,"Ministry of Defence, DSTL, Chemical, Biological, Radiological and Nuclear Delivery Team (CBRN DT)","DSTL Porton Down ",SALISBURY,,"SP4 0JQ",UK,,ivhill@dstl.gov.uk,+441980952181,,,,,,,,,,,,,,,,,,,,,,,,,,,,,,,,,,,,,,,,,,,,,,,,,
https://www.contractsfinder.service.gov.uk/Published/Notice/releases/19921bf7-9bb9-442a-9ff0-26a0c4a057e1.json,2020-08-09T10:00:12Z,"BIP SOLUTIONS LIMITED",GB-GOVUK-crown_comercial_service,,https://www.contractsfinder.service.gov.uk,1.1,https://raw.githubusercontent.com/open-contracting/ocds_process_title_extension/v1.1/extension.json,https://www.nationalarchives.gov.uk/doc/open-government-licence/version/2/,https://www.gov.uk/government/publications/open-contracting,ocds-b5fd17-b6a5a5cc-b922-4d9d-8039-29859bf01354,ocds-b5fd17-b6a5a5cc-b922-4d9d-8039-29859bf01354-374928-bip490911869,en-GB,2020-08-09T10:00:12Z,award,tender,BIP490911869,"Adur & Worthing Council - Enforcement Agency Services - Parking Fines","The Councils are therefore looking to implement a joint SLA with two Enforcement Agencies and the division of work will initially be split 50/50, with changes only occurring should one Agency be suffering on any aspect of performance.  As is our current practice, the split will be made by surname.",complete,1,"See description of related tender.",CPV,98350000,"Civic-amenity services",http://cpv.data.ac.uk/code-98350000.html,,,,,,,,,,,,,5000000,GBP,0,GBP,,"Restricted procedure",,,,,,,2020-03-31T00:00:00Z,,,1,"Contract start","Anticipated contract start date",2020-08-07T00:00:00Z,,2,"Contract end","Anticipated contract end date",2023-08-06T00:00:00Z,,1,,Services,,,,,,"Places for People Group Ltd","4 The Pavilliions ",Preston,,"PR2 2YB",UK,,jenny.miller@placesforpeople.co.uk,+441772897492,,979f27c7-c496-48ba-890b-3a35e15effee,,"See description of related tender",active,2020-03-31T00:00:00Z,5000000,GBP,0,,,,,,,Jacobs,"4 Europa Boulevard
        Birkenhead
        Wirral
        Merseyside
        CH41 4PE",,,,,,,,,GBP,,0,,,,,,,"Marston (Holdings) Limited","Merlin House
        Falconry Court
        Epping
        Essex
        CM16 5DQ",,,,,,,,,GBP,,2020-08-07T00:00:00Z,2023-08-06T00:00:00Z,
https://www.contractsfinder.service.gov.uk/Published/Notice/releases/5fd9a872-e41c-49d4-a58d-540544d2f0d1.json,2020-08-09T09:26:39Z,"RADIOACTIVE WASTE MANAGEMENT LIMITED",GB-GOVUK-crown_comercial_service,,https://www.contractsfinder.service.gov.uk,1.1,https://raw.githubusercontent.com/open-contracting/ocds_process_title_extension/v1.1/extension.json,https://www.nationalarchives.gov.uk/doc/open-government-licence/version/2/,https://www.gov.uk/government/publications/open-contracting,ocds-b5fd17-fd02073d-fff8-4dde-b2af-8a73f80c2b6b,ocds-b5fd17-fd02073d-fff8-4dde-b2af-8a73f80c2b6b-374927-rwm010545,en-GB,2020-08-09T09:26:39Z,award,tender,RWM010545,"Provision of Procurement Specialist on Temporary Assignment","Provision of Procurement Specialist on Temporary Assignment",complete,1,"See description of related tender.",CPV,73000000,"Research and development services and related consultancy services",http://cpv.data.ac.uk/code-73000000.html,,,,,,,,,,,,,53392.5,GBP,0,GBP,selective,"Call off from a Framework Agreement",,,,,,,2020-08-03T00:00:00Z,,,1,"Contract start","Anticipated contract start date",2020-08-05T00:00:00Z,,2,"Contract end","Anticipated contract end date",2021-02-06T00:00:00Z,,,,Services,,GB-GOR,OT1150,https://government-organisation.register.gov.uk/record/OT1150,,"RADIOACTIVE WASTE MANAGEMENT LIMITED","Radioactive Waste Management Limited Building 329, Thomson Avenue, Harwell Campus","Didcot, Oxon",,"OX11 0GD",England,"Lynn Leniewski",lynn.leniewski@nda.gov.uk,"01925 802894",,3738ecd3-b21d-4a17-af46-fe2cff059c71,,"See description of related tender",active,2020-08-03T00:00:00Z,53392.5,GBP,0,GB-COH,00975677,,,,,"Hays Specialist Recruitment","250 Euston Road
London
NW1 2AF",,,,,,,,,GBP,,,,,,,,,,,,,,,,,,,,,2020-08-05T00:00:00Z,2021-02-06T00:00:00Z,
