uri,publishedDate,publisher/name,publisher/scheme,publisher/uid,publisher/uri,version,extensions/0,license,publicationPolicy,releases/0/ocid,releases/0/id,releases/0/language,releases/0/date,releases/0/tag/0,releases/0/initiationType,releases/0/tender/id,releases/0/tender/title,releases/0/tender/description,releases/0/tender/status,releases/0/tender/items/0/id,releases/0/tender/items/0/description,releases/0/tender/items/0/classification/scheme,releases/0/tender/items/0/classification/id,releases/0/tender/items/0/classification/description,releases/0/tender/items/0/classification/uri,releases/0/tender/items/1/id,releases/0/tender/items/1/description,releases/0/tender/items/1/classification/scheme,releases/0/tender/items/1/classification/id,releases/0/tender/items/1/classification/description,releases/0/tender/items/1/classification/uri,releases/0/tender/minValue/amount,releases/0/tender/minValue/currency,releases/0/tender/value/amount,releases/0/tender/value/currency,releases/0/tender/procurementMethod,releases/0/tender/procurementMethodDetails,releases/0/tender/procurementMethodRationale,releases/0/tender/awardCriteria,releases/0/tender/awardCriteriaDetails,releases/0/tender/submissionMethod,releases/0/tender/submissionMethodDetails,releases/0/tender/tenderPeriod/startDate,releases/0/tender/tenderPeriod/endDate,releases/0/tender/hasEnquiries,releases/0/tender/eligibilityCriteria,releases/0/tender/milestones/0/id,releases/0/tender/milestones/0/title,releases/0/tender/milestones/0/description,releases/0/tender/milestones/0/dueDate,releases/0/tender/milestones/0/status,releases/0/tender/milestones/1/id,releases/0/tender/milestones/1/title,releases/0/tender/milestones/1/description,releases/0/tender/milestones/1/dueDate,releases/0/tender/milestones/1/status,releases/0/tender/xClassifications/isSuitableForSme,releases/0/tender/xClassifications/isSuitableForVco,releases/0/tender/xClassifications/ojeuContractType,releases/0/tender/supplyChain,releases/0/buyer/name,releases/0/buyer/address/streetAddress,releases/0/buyer/address/locality,releases/0/buyer/address/region,releases/0/buyer/address/postalCode,releases/0/buyer/address/countryName,releases/0/buyer/contactPoint/name,releases/0/buyer/contactPoint/email,releases/0/buyer/contactPoint/telephone,releases/0/buyer/contactPoint/faxNumber,releases/0/buyer/contactPoint/uri,releases/0/awards/0/id,releases/0/awards/0/title,releases/0/awards/0/description,releases/0/awards/0/status,releases/0/awards/0/date,releases/0/awards/0/value/amount,releases/0/awards/0/value/currency,releases/0/awards/0/suppliers/0/id,releases/0/awards/0/suppliers/0/identifier/scheme,releases/0/awards/0/suppliers/0/identifier/id,releases/0/awards/0/suppliers/0/identifier/legalName,releases/0/awards/0/suppliers/0/identifier/uri,releases/0/awards/0/suppliers/0/sme,releases/0/awards/0/suppliers/0/vco,releases/0/awards/0/suppliers/0/name,releases/0/awards/0/suppliers/0/address/streetAddress,releases/0/awards/0/suppliers/0/address/locality,releases/0/awards/0/suppliers/0/address/region,releases/0/awards/0/suppliers/0/address/postalCode,releases/0/awards/0/suppliers/0/address/countryName,releases/0/awards/0/suppliers/0/contactPoint/name,releases/0/awards/0/suppliers/0/contactPoint/email,releases/0/awards/0/suppliers/0/contactPoint/telephone,releases/0/awards/0/suppliers/0/contactPoint/faxNumber,releases/0/awards/0/suppliers/0/x_awardValue/currency,releases/0/awards/0/suppliers/0/x_awardValue/amount,releases/0/awards/0/suppliers/1/id,releases/0/awards/0/suppliers/1/identifier/scheme,releases/0/awards/0/suppliers/1/identifier/id,releases/0/awards/0/suppliers/1/identifier/legalName,releases/0/awards/0/suppliers/1/identifier/uri,releases/0/awards/0/suppliers/1/sme,releases/0/awards/0/suppliers/1/vco,releases/0/awards/0/suppliers/1/name,releases/0/awards/0/suppliers/1/address/streetAddress,releases/0/awards/0/suppliers/1/address/locality,releases/0/awards/0/suppliers/1/address/region,releases/0/awards/0/suppliers/1/address/postalCode,releases/0/awards/0/suppliers/1/address/countryName,releases/0/awards/0/suppliers/1/contactPoint/name,releases/0/awards/0/suppliers/1/contactPoint/email,releases/0/awards/0/suppliers/1/contactPoint/telephone,releases/0/awards/0/suppliers/1/contactPoint/faxNumber,releases/0/awards/0/suppliers/1/x_awardValue/currency,releases/0/awards/0/suppliers/1/x_awardValue/amount,releases/0/awards/0/contractPeriod/startDate,releases/0/awards/0/contractPeriod/endDate
https://www.contractsfinder.service.gov.uk/Published/Notice/releases/483037c0-b720-4e82-b627-f5a1e5c5ec25.json,2020-07-08T17:14:02Z,"EU SUPPLY LIMITED",GB-GOVUK-crown_comercial_service,,https://www.contractsfinder.service.gov.uk,1.1,https://raw.githubusercontent.com/open-contracting/ocds_process_title_extension/v1.1/extension.json,https://www.nationalarchives.gov.uk/doc/open-government-licence/version/2/,https://www.gov.uk/government/publications/open-contracting,ocds-b5fd17-83a02063-50f8-435e-9f1e-567477a9819a,ocds-b5fd17-83a02063-50f8-435e-9f1e-567477a9819a-369202-20200614170155-72814,en-GB,2020-07-08T17:14:02Z,tenderAmendment,tender,20200614170155-72814,"Facilities Management Service for Yorkshire based Research Facility","A new Research Facility is currently being built for the United Kingdom Atomic Energy Authority (UKAEA) at the Advanced Manufacturing Park in Rotherham. 

The new facility sits in 1.417 acres of land which comprises access, parking, landscaping, services and other infrastructure. The Research Facility is a single building of circa 2,069.5 sqm. Building layout plans are supplied in the tendering documents.

Summary of Work
UKAEA is looking for a range of Facilities Management services to support this new facility covering: Maintenance services, Cleaning services, Waste, recycling, Grounds maintenance, pest control and Security services.

UKAEA will operate its own Helpdesk service with which the supplier will interact",unsuccessful,1,"See description of related tender.",CPV,79993000,"Building and facilities management services",http://cpv.data.ac.uk/code-79993000.html,2,"See description of related tender.",CPV,79993100,"Facilities management services",http://cpv.data.ac.uk/code-79993100.html,0,GBP,1,GBP,,"Other - Open",,,,,"Please apply directly to the buyer using the contact details provided, or follow the instructions given in the notice description or information section.",,2020-07-17T00:00:00Z,,,1,"Contract start","Anticipated contract start date",2020-11-01T00:00:00Z,,2,"Contract end","Anticipated contract end date",2023-10-31T00:00:00Z,,1,,Services,,"United Kingdom Atomic Energy Authority","Culham Science Centre ",Abingdon,,"OX14 3DB",ENG,"Guy Wells",guy.wells@ukaea.uk,"+44 0123546",,www.gov.uk/government/organisations/uk-atomic-energy-authority,,,,,,,,,,,,,,,,,,,,,,,,,,,,,,,,,,,,,,,,,,,,,,,
https://www.contractsfinder.service.gov.uk/Published/Notice/releases/a793f6a1-eaad-4f15-ad35-3438674225a8.json,2020-06-14T15:23:07Z,"BIP SOLUTIONS LIMITED",GB-GOVUK-crown_comercial_service,,https://www.contractsfinder.service.gov.uk,1.1,https://raw.githubusercontent.com/open-contracting/ocds_process_title_extension/v1.1/extension.json,https://www.nationalarchives.gov.uk/doc/open-government-licence/version/2/,https://www.gov.uk/government/publications/open-contracting,ocds-b5fd17-0c20f698-8d17-433e-a622-160e9f31fd6a,ocds-b5fd17-0c20f698-8d17-433e-a622-160e9f31fd6a-364135-bip500687540,en-GB,2020-06-14T15:23:07Z,award,tender,BIP500687540,"The Payment Systems Regulator website tender","The PSR is looking for an agency with proven experience, to assist in designing and developing a brand-new, secure, responsive and accessible, AA (WCAG 2.0) compliant website. The website must be built upon a business appropriate Content Management System (CMS) solution that is widely supported and open source. The CMS should contain both out of the box functionality and some custom settings and functionality that caters for our particular content creation and management work flows. We are looking for a CMS that is user-friendly, which means the content structure is easy to read and follow and is relatively easy to operate for members of the team with less CMS experience. The PSR is looking for a supplier that along with building the website, can host, maintain and provide ongoing support. The user experience and design of the website must cater for our user types and business branding, ensuring that the design feels contemporary and reflects current trends. CONTRACT AWARD NOTICE ONLY.",complete,1,"See description of related tender.",CPV,72413000,"World wide web (www) site design services",http://cpv.data.ac.uk/code-72413000.html,,,,,,,165449,GBP,0,GBP,,"Open procedure",,,,,,,2020-05-26T00:00:00Z,,,1,"Contract start","Anticipated contract start date",2020-06-30T00:00:00Z,,2,"Contract end","Anticipated contract end date",2024-12-09T00:00:00Z,,1,,Services,,"Financial Conduct Authority","12 Endeavour Square ",London,,"E20 1JN",UK,,memet.erdemgil@fca.org.uk,+4402070660516,,,2a70f9f6-9845-4e16-a441-7d8eaf1ac9e2,,"See description of related tender",active,2020-05-26T00:00:00Z,165449,GBP,0,,,,,,,"PRODO DIGITAL MARKETING LIMITED","The Stables, Little Heath Rd
        Christleton
        Chester
        CH3 7DW",,,,,,,,,GBP,,,,,,,,,,,,,,,,,,,,,2020-06-30T00:00:00Z,2024-12-09T00:00:00Z
https://www.contractsfinder.service.gov.uk/Published/Notice/releases/99cd7e26-b5ee-4539-97ce-2c3f448ebc38.json,2020-06-14T14:03:57Z,"BIP SOLUTIONS LIMITED",GB-GOVUK-crown_comercial_service,,https://www.contractsfinder.service.gov.uk,1.1,https://raw.githubusercontent.com/open-contracting/ocds_process_title_extension/v1.1/extension.json,https://www.nationalarchives.gov.uk/doc/open-government-licence/version/2/,https://www.gov.uk/government/publications/open-contracting,ocds-b5fd17-937227cc-bc17-4da2-9b73-23084cae52e1,ocds-b5fd17-937227cc-bc17-4da2-9b73-23084cae52e1-364128-bip87006681,en-GB,2020-06-14T14:03:57Z,award,tender,BIP87006681,"LSBU2/0191 - The Supply of  Cougar Spares","Babcock DSG Limited acting as the Authority's Agent is considering an additional requirement for existing Contract LSBU2/0191 - The Supply of Cougar Spares. The additional requirement is for the Supply of Cougar Mastiff Steps.  This requirement has arisen from an unforeseen safety case, the Authority requires the exact same parts be used as are already supplied under this contract to ensure compatibility between parts, as well as ensuring the standards required to meet all safety requirements are met. The current Contract  is due to lapse 2nd July 2021.",complete,1,"See description of related tender.",CPV,34114000,"Specialist vehicles",http://cpv.data.ac.uk/code-34114000.html,,,,,,,2000000,GBP,0,GBP,,"Not specified",,,,,,,2020-06-10T00:00:00Z,,,1,"Contract start","Anticipated contract start date",2020-06-11T00:00:00Z,,2,"Contract end","Anticipated contract end date",2021-07-02T00:00:00Z,,,,Products,,"Ministry of Defence, DSG, Defence Support Group (DSG)","Babcock DSG Ltd Building B15",Telford,,"TF2 8JT",UK,"Robert Fisher",robert.fisher@babcockinternational.com,+441952967329,,,8f17724f-6d0e-4951-9168-d3faf33247dc,,"See description of related tender",active,2020-06-10T00:00:00Z,2000000,GBP,0,,,,,,,"Carwood Motor Units Ltd","Herald Way
        Coventry
        CV3 2RQ",,,,,,,,,GBP,,,,,,,,,,,,,,,,,,,,,2020-06-11T00:00:00Z,2021-07-02T00:00:00Z
https://www.contractsfinder.service.gov.uk/Published/Notice/releases/81637278-bc8c-443d-8834-bc2c68fecee3.json,2020-06-14T12:01:37Z,"EU SUPPLY LIMITED",GB-GOVUK-crown_comercial_service,,https://www.contractsfinder.service.gov.uk,1.1,https://raw.githubusercontent.com/open-contracting/ocds_process_title_extension/v1.1/extension.json,https://www.nationalarchives.gov.uk/doc/open-government-licence/version/2/,https://www.gov.uk/government/publications/open-contracting,ocds-b5fd17-dbfbf355-3ffa-493e-82fd-49512c5629a0,ocds-b5fd17-dbfbf355-3ffa-493e-82fd-49512c5629a0-364117-20200614120132-30310,en-GB,2020-06-14T12:01:37Z,award,tender,20200614120132-30310,"Regional Software License Reseller Contract","Procurement closed - contract awarded",complete,1,"See description of related tender.",CPV,48000000,"Software package and information systems",http://cpv.data.ac.uk/code-48000000.html,,,,,,,14000000,GBP,25000000,GBP,,"Open procedure",,,,,,,2020-02-24T00:00:00Z,,,1,"Contract start","Anticipated contract start date",2020-07-01T00:00:00Z,,2,"Contract end","Anticipated contract end date",2023-06-30T00:00:00Z,,1,,Products,,"South West Police Procurement Department (SWPPD)","Police HQ, Middlemoor ",Exeter,,"EX2 7HQ",ENG,"Richard Smith",richard.smith2@devonandcornwall.pnn.police.uk,,,http://www.devon-cornwall.police.uk/your-right-to-information,dd2c265c-d667-4f93-bf56-e913eeb9816b,,"See description of related tender",active,2020-06-08T00:00:00Z,25000000,GBP,0,,,,,,,"Phoenix Software Ltd","Phoenix Software Ltd
Blenheim House
York Road
Pocklington
York
YO42 1NS",,,,,"Rachael Goodchild",,,,GBP,,,,,,,,,,,,,,,,,,,,,2020-07-01T00:00:00Z,2023-06-30T00:00:00Z
https://www.contractsfinder.service.gov.uk/Published/Notice/releases/2d08505d-4fec-47c3-9830-f49cd4e83344.json,2020-06-14T11:10:05Z,"BIP SOLUTIONS LIMITED",GB-GOVUK-crown_comercial_service,,https://www.contractsfinder.service.gov.uk,1.1,https://raw.githubusercontent.com/open-contracting/ocds_process_title_extension/v1.1/extension.json,https://www.nationalarchives.gov.uk/doc/open-government-licence/version/2/,https://www.gov.uk/government/publications/open-contracting,ocds-b5fd17-4dbabf33-ba16-4cb6-878d-3f417fd676fd,ocds-b5fd17-4dbabf33-ba16-4cb6-878d-3f417fd676fd-364114-bip87786298,en-GB,2020-06-14T11:10:05Z,tender,tender,BIP87786298,"BASE 0024 TLS TO CONTAINERISED DATA CENTRES","Potential for a 5 year Contract (Optional Years) for the Through Life Support only to Containerised /Modular Data Centres positioned in the UK, UAE, Qatar and to a Containerised secure working environment in Estonia. This involves both Core Services and Call Off Tasks for the 8 existing containerised environments.",active,1,"See description of related tender.",CPV,32571000,"Communications infrastructure",http://cpv.data.ac.uk/code-32571000.html,,,,,,,2500000,GBP,0,GBP,,,,,,,"Please apply directly to the buyer using the contact details provided, or follow the instructions given in the notice description or information section.",2020-06-14T11:10:05Z,2020-11-23T00:00:00Z,,,1,"Contract start","Anticipated contract start date",2021-02-22T00:00:00Z,,2,"Contract end","Anticipated contract end date",2026-02-23T00:00:00Z,,,,Services,,"Ministry of Defence, Information Systems and Services, ISS Development Pillar","NSOIT(B) E2 BUILDING 405 MOD Corsham","Corsham Wiltshire",,"SN13 9NR",UK,,Christine.Meakin880@mod.gov.uk,+443067707848,,,,,,,,,,,,,,,,,,,,,,,,,,,,,,,,,,,,,,,,,,,,,,,,,
https://www.contractsfinder.service.gov.uk/Published/Notice/releases/6f96a5d8-db92-4a38-bed7-4e23d5fb1bcb.json,2020-06-14T10:51:13Z,"BIP SOLUTIONS LIMITED",GB-GOVUK-crown_comercial_service,,https://www.contractsfinder.service.gov.uk,1.1,https://raw.githubusercontent.com/open-contracting/ocds_process_title_extension/v1.1/extension.json,https://www.nationalarchives.gov.uk/doc/open-government-licence/version/2/,https://www.gov.uk/government/publications/open-contracting,ocds-b5fd17-75b995a4-5d73-4e07-add9-29c41360923e,ocds-b5fd17-75b995a4-5d73-4e07-add9-29c41360923e-364112-bip500183948,en-GB,2020-06-14T10:51:13Z,award,tender,BIP500183948,"St Anne's Catholic High School for Girls & St Ignatius College","St Anne's Catholic High School and St Ignatius College have partnered together to tender their school catering services.
      St Anne's is a girls school that has approximately 1100 students (inc mixed Sixth Form) spread across two school sites whilst St Ignatius is a boys school that has approximately 1000 students (inc mixed Sixth Form) located on a single site.
      They currently independently outsource their catering service but under the new contract are looking to appoint a single contractor across the two schools.",complete,1,"See description of related tender.",CPV,15894210,"School meals",http://cpv.data.ac.uk/code-15894210.html,,,,,,,1600000,GBP,0,GBP,,"Restricted procedure",,,,,,,2020-06-10T00:00:00Z,,,1,"Contract start","Anticipated contract start date",2020-08-01T00:00:00Z,,2,"Contract end","Anticipated contract end date",2023-07-31T00:00:00Z,,,,Products,,"St Anne's Catholic High School for Girls","Oakthorpe Road ",London,,"N13 5TY",UK,,info@savilleconsultancyservices.co.uk,+447766221996,,,dd73aa21-8a30-4550-8cf0-e290336eefed,,"See description of related tender",active,2020-06-10T00:00:00Z,1600000,GBP,0,,,,,,,"Innovate Services Limited","Pheonix House
        Pyrford
        West Byfleet
        KY14 6RA",,,,,,,,,GBP,,,,,,,,,,,,,,,,,,,,,2020-08-01T00:00:00Z,2023-07-31T00:00:00Z
https://www.contractsfinder.service.gov.uk/Published/Notice/releases/eac81490-dee8-4c0d-99ac-a7d9a25d77bd.json,2020-06-14T10:51:06Z,"BIP SOLUTIONS LIMITED",GB-GOVUK-crown_comercial_service,,https://www.contractsfinder.service.gov.uk,1.1,https://raw.githubusercontent.com/open-contracting/ocds_process_title_extension/v1.1/extension.json,https://www.nationalarchives.gov.uk/doc/open-government-licence/version/2/,https://www.gov.uk/government/publications/open-contracting,ocds-b5fd17-a38cbf79-1355-4379-b787-70cf37d457d4,ocds-b5fd17-a38cbf79-1355-4379-b787-70cf37d457d4-364111-bip500566693,en-GB,2020-06-14T10:51:06Z,award,tender,BIP500566693,"Kingsbury Green Academy - Catering Tender","Kingsbury Green Academy is a brand new school and the newest member of the Royal Wotton Bassett Academy Trust.
      The Academy has approximately 900 students on roll from year 7 to year 13.
      The Academy is looking to award a new catering contract for September 2020.",complete,1,"See description of related tender.",CPV,15894210,"School meals",http://cpv.data.ac.uk/code-15894210.html,,,,,,,400000,GBP,0,GBP,,"Restricted procedure",,,,,,,2020-05-26T00:00:00Z,,,1,"Contract start","Anticipated contract start date",2020-08-01T00:00:00Z,,2,"Contract end","Anticipated contract end date",2023-07-31T00:00:00Z,,1,,Products,,"Kingbury Green Academy","White Horse Way ",Calne,,"SN11 8YH",UK,,info@savilleconsultancyservices.co.uk,+447766221996,,,e7247b0a-78ba-4fe2-930c-0c7c94436965,,"See description of related tender",active,2020-05-26T00:00:00Z,400000,GBP,0,,,,,,,"PS Catering Management Limited","23 Ontario Close
        Smallfield
        RH6 9RA",,,,,,,,,GBP,,0,,,,,,,"PS Catering Management Limited","23 Ontario Close
        Smallfield
        RH6 9RA",,,,,,,,,GBP,,2020-08-01T00:00:00Z,2023-07-31T00:00:00Z
https://www.contractsfinder.service.gov.uk/Published/Notice/releases/06c6eb35-235a-401f-9dcd-24b48d367f6d.json,2020-06-14T10:50:24Z,"BIP SOLUTIONS LIMITED",GB-GOVUK-crown_comercial_service,,https://www.contractsfinder.service.gov.uk,1.1,https://raw.githubusercontent.com/open-contracting/ocds_process_title_extension/v1.1/extension.json,https://www.nationalarchives.gov.uk/doc/open-government-licence/version/2/,https://www.gov.uk/government/publications/open-contracting,ocds-b5fd17-9250521a-bad6-42db-9524-7f80a3ab967e,ocds-b5fd17-9250521a-bad6-42db-9524-7f80a3ab967e-364106-bip500145467,en-GB,2020-06-14T10:50:24Z,award,tender,BIP500145467,"Cathedral Schools Trust","Cathedral Schools Trust requires an experienced innovative catering company to supply and manage the catering services for six schools within the Trust from September 2020.
      The Trust currently operates three secondary and four primary schools.",complete,1,"See description of related tender.",CPV,15894210,"School meals",http://cpv.data.ac.uk/code-15894210.html,,,,,,,1700000,GBP,0,GBP,,"Restricted procedure",,,,,,,2020-04-20T00:00:00Z,,,1,"Contract start","Anticipated contract start date",2020-09-01T00:00:00Z,,2,"Contract end","Anticipated contract end date",2023-08-31T00:00:00Z,,1,,Products,,"Cathedral Schools Trust","College Square Munstone",Bristol,,"BS1 5TS",UK,,info@savilleconsultancyservices.co.uk,+447766221996,,,d514d896-5b54-4623-b4cd-40128626d5c6,,"See description of related tender",active,2020-04-20T00:00:00Z,1700000,GBP,0,,,,,,,"Innovate Services Limited","Pheonix House
        Pyrford
        West Byfleet
        KY14 6RA",,,,,,,,,GBP,,0,,,,,,,"Innovate Services Limited","Pheonix House
        Pyrford
        West Byfleet
        KY14 6RA",,,,,,,,,GBP,,2020-09-01T00:00:00Z,2023-08-31T00:00:00Z
https://www.contractsfinder.service.gov.uk/Published/Notice/releases/add9fe8e-d921-4ecb-b3e1-9bea3a26a519.json,2020-06-14T10:50:14Z,"BIP SOLUTIONS LIMITED",GB-GOVUK-crown_comercial_service,,https://www.contractsfinder.service.gov.uk,1.1,https://raw.githubusercontent.com/open-contracting/ocds_process_title_extension/v1.1/extension.json,https://www.nationalarchives.gov.uk/doc/open-government-licence/version/2/,https://www.gov.uk/government/publications/open-contracting,ocds-b5fd17-5d9b2495-823a-4763-bdbc-44eeb831bdab,ocds-b5fd17-5d9b2495-823a-4763-bdbc-44eeb831bdab-364105-bip500137499,en-GB,2020-06-14T10:50:14Z,award,tender,BIP500137499,"Gatehouse Green Learning Trust","Gatehouse Green Learning Trust wishes to appoint an experienced catering company to provide a quality catering service for the five schools within the Trust. The Trust includes two secondary schools (including post 16) and three primary schools with a combined student population of approximately 3000. One secondary school contract will commence 1 May 2020 with the remaining four schools commencing August 2020.",complete,1,"See description of related tender.",CPV,15894210,"School meals",http://cpv.data.ac.uk/code-15894210.html,,,,,,,2959823,GBP,0,GBP,,"Restricted procedure",,,,,,,2020-02-17T00:00:00Z,,,1,"Contract start","Anticipated contract start date",2020-05-01T00:00:00Z,,2,"Contract end","Anticipated contract end date",2023-07-31T00:00:00Z,,1,,Products,,"Gatehouse Green Learning Trust","Redland Court Road ",Bristol,,"BS6 7EH",UK,,info@savilleconsultancyservices.co.uk,+447766221996,,,38d419de-1c0a-427c-ac21-afe1b5de7af8,,"See description of related tender",active,2020-02-17T00:00:00Z,2959823,GBP,0,,,,,,,"Innovate Services Limited","Pheonix House
        Pyrford
        West Byfleet
        KY14 6RA",,,,,,,,,GBP,,0,,,,,,,"Innovate Services Limited","Pheonix House
        Pyrford
        West Byfleet
        KY14 6RA",,,,,,,,,GBP,,2020-05-01T00:00:00Z,2023-07-31T00:00:00Z
