uri,publishedDate,publisher/name,publisher/scheme,publisher/uid,publisher/uri,version,extensions/0,license,publicationPolicy,releases/0/ocid,releases/0/id,releases/0/language,releases/0/date,releases/0/tag/0,releases/0/initiationType,releases/0/tender/id,releases/0/tender/title,releases/0/tender/description,releases/0/tender/status,releases/0/tender/items/0/id,releases/0/tender/items/0/description,releases/0/tender/items/0/classification/scheme,releases/0/tender/items/0/classification/id,releases/0/tender/items/0/classification/description,releases/0/tender/items/0/classification/uri,releases/0/tender/minValue/amount,releases/0/tender/minValue/currency,releases/0/tender/value/amount,releases/0/tender/value/currency,releases/0/tender/procurementMethod,releases/0/tender/procurementMethodDetails,releases/0/tender/procurementMethodRationale,releases/0/tender/awardCriteria,releases/0/tender/awardCriteriaDetails,releases/0/tender/submissionMethod,releases/0/tender/submissionMethodDetails,releases/0/tender/tenderPeriod/endDate,releases/0/tender/hasEnquiries,releases/0/tender/eligibilityCriteria,releases/0/tender/milestones/0/id,releases/0/tender/milestones/0/title,releases/0/tender/milestones/0/description,releases/0/tender/milestones/0/dueDate,releases/0/tender/milestones/0/status,releases/0/tender/milestones/1/id,releases/0/tender/milestones/1/title,releases/0/tender/milestones/1/description,releases/0/tender/milestones/1/dueDate,releases/0/tender/milestones/1/status,releases/0/tender/xClassifications/isSuitableForSme,releases/0/tender/xClassifications/isSuitableForVco,releases/0/tender/xClassifications/ojeuContractType,releases/0/tender/supplyChain,releases/0/buyer/name,releases/0/buyer/address/streetAddress,releases/0/buyer/address/locality,releases/0/buyer/address/region,releases/0/buyer/address/postalCode,releases/0/buyer/address/countryName,releases/0/buyer/contactPoint/name,releases/0/buyer/contactPoint/email,releases/0/buyer/contactPoint/telephone,releases/0/buyer/contactPoint/faxNumber,releases/0/buyer/contactPoint/uri,releases/0/awards/0/id,releases/0/awards/0/title,releases/0/awards/0/description,releases/0/awards/0/status,releases/0/awards/0/date,releases/0/awards/0/value/amount,releases/0/awards/0/value/currency,releases/0/awards/0/suppliers/0/id,releases/0/awards/0/suppliers/0/identifier/scheme,releases/0/awards/0/suppliers/0/identifier/id,releases/0/awards/0/suppliers/0/identifier/legalName,releases/0/awards/0/suppliers/0/identifier/uri,releases/0/awards/0/suppliers/0/sme,releases/0/awards/0/suppliers/0/vco,releases/0/awards/0/suppliers/0/name,releases/0/awards/0/suppliers/0/address/streetAddress,releases/0/awards/0/suppliers/0/address/locality,releases/0/awards/0/suppliers/0/address/region,releases/0/awards/0/suppliers/0/address/postalCode,releases/0/awards/0/suppliers/0/address/countryName,releases/0/awards/0/suppliers/0/contactPoint/name,releases/0/awards/0/suppliers/0/contactPoint/email,releases/0/awards/0/suppliers/0/contactPoint/telephone,releases/0/awards/0/suppliers/0/contactPoint/faxNumber,releases/0/awards/0/suppliers/0/x_awardValue/currency,releases/0/awards/0/suppliers/0/x_awardValue/amount,releases/0/awards/0/contractPeriod/startDate,releases/0/awards/0/contractPeriod/endDate
https://www.contractsfinder.service.gov.uk/Published/Notice/releases/00eb7047-fec8-4ca8-8a92-20b30cd68444.json,2020-04-20T15:40:03Z,"BIP SOLUTIONS LIMITED",GB-GOVUK-crown_comercial_service,,https://www.contractsfinder.service.gov.uk,1.1,https://raw.githubusercontent.com/open-contracting/ocds_process_title_extension/v1.1/extension.json,https://www.nationalarchives.gov.uk/doc/open-government-licence/version/2/,https://www.gov.uk/government/publications/open-contracting,ocds-b5fd17-b80ec994-586f-42c1-816d-bc957b491716,ocds-b5fd17-b80ec994-586f-42c1-816d-bc957b491716-354948-bip484567843,en-GB,2020-04-20T15:40:03Z,tenderAmendment,tender,BIP484567843,"Telecoms & Data Cabling Framework Agreement for North Eastern Universities","
        Text to be corrected in the original notice:
        Place of text to be modified: Time limit for receipt of tenders or requests to participate.
        Instead of: 04 May 2020
        Time: 12:00
        Read New: 18 May 2020
        Time: 12:00
        This invitation to tender is issued by North Eastern Universities Purchasing Consortium (""NEUPC"") for the establishment of a framework agreement for Telecoms and Data Cabling Works, comprising of small building installations, refurbishments, repairs, maintenance and improvements on University premises, for the North Eastern Universities of Durham, Newcastle, Northumbria, Sunderland and Teesside.
        
        The works will involve all aspects of telephone and data installations/modifications (excluding BMS) typical of University buildings, such as but not limited to laboratories, small and complex lecture theatres, libraries, cafe and commercial kitchens, offices (individual and open plan), public areas, meeting rooms, conference rooms,accommodation, plant areas, etc.
        
        The works will vary in size, from the replacement of a single socket to the installation of up to 30 cables with the appropriate containment and connections.",unsuccessful,1,"See description of related tender.",CPV,32571000,"Communications infrastructure",http://cpv.data.ac.uk/code-32571000.html,0,GBP,0,GBP,,"Open procedure",,,,,"Please apply directly to the buyer using the contact details provided, or follow the instructions given in the notice description or information section.",2020-05-04T00:00:00Z,,,1,"Contract start","Anticipated contract start date",2020-06-30T00:00:00Z,,2,"Contract end","Anticipated contract end date",2024-06-29T00:00:00Z,,1,,Products,,"NEUPC Ltd","Phoenix House 3 South Parade",Leeds,,"LS1 5QX",UK,,admin@neupc.ac.uk,+447775339236,,,,,,,,,,,,,,,,,,,,,,,,,,,,,,
https://www.contractsfinder.service.gov.uk/Published/Notice/releases/341477ea-d0b3-4c38-b45d-33c6972ebc19.json,2020-04-04T14:40:02Z,"BIP SOLUTIONS LIMITED",GB-GOVUK-crown_comercial_service,,https://www.contractsfinder.service.gov.uk,1.1,https://raw.githubusercontent.com/open-contracting/ocds_process_title_extension/v1.1/extension.json,https://www.nationalarchives.gov.uk/doc/open-government-licence/version/2/,https://www.gov.uk/government/publications/open-contracting,ocds-b5fd17-8de44ac5-0df0-4876-91f6-03520f684454,ocds-b5fd17-8de44ac5-0df0-4876-91f6-03520f684454-353058-bip85252165,en-GB,2020-04-04T14:40:02Z,award,tender,BIP85252165,"The Supply and In-Service Support for Reconnaissance and Exploitation Team (RET).","The Supply and In-Service Support for Reconnaissance and Exploitation Team (RET)",complete,1,"See description of related tender.",CPV,50000000,"Repair and maintenance services",http://cpv.data.ac.uk/code-50000000.html,5409356,GBP,0,GBP,,"Restricted procedure",,,,,,2020-03-06T00:00:00Z,,,1,"Contract start","Anticipated contract start date",2020-04-01T00:00:00Z,,2,"Contract end","Anticipated contract end date",2023-03-31T00:00:00Z,,1,,Services,,"Ministry of Defence, ISTAR, Chemical, Biological, Radiological and Nuclear Delivery Team (CBRN DT)","Abbey Wood ",Bristol,,"BS34 8JH",UK,,carly.williams713@mod.gov.uk,+441179132548,,,c834d7d3-afe6-4a45-987b-0b923cc9d69e,,"See description of related tender",active,2020-03-06T00:00:00Z,5409356.56,GBP,0,,,,,,,"Marshall Land Systems Ltd","The Airport
        Newmarket Road
        Cambridge
        CB58RX",,,,,,,,,GBP,,2020-04-01T00:00:00Z,2023-03-31T00:00:00Z
https://www.contractsfinder.service.gov.uk/Published/Notice/releases/8e818776-52cd-466d-9384-0980414fef39.json,2020-04-04T14:00:02Z,"BIP SOLUTIONS LIMITED",GB-GOVUK-crown_comercial_service,,https://www.contractsfinder.service.gov.uk,1.1,https://raw.githubusercontent.com/open-contracting/ocds_process_title_extension/v1.1/extension.json,https://www.nationalarchives.gov.uk/doc/open-government-licence/version/2/,https://www.gov.uk/government/publications/open-contracting,ocds-b5fd17-17bef94e-992f-43dd-9659-043df2f58d11,ocds-b5fd17-17bef94e-992f-43dd-9659-043df2f58d11-353056-bip482801198,en-GB,2020-04-04T14:00:02Z,award,tender,BIP482801198,"Urgent Purchase of Laptops (EXP057)","Extraordinary circumstances for the provisions of laptop computers.
      The purchase is for a total of 580 HP laptops. These are being sourced with a combination of immediate delivery (190 units) and delivery within a few days (the balance of the order). The urgent requirement will enable the University to facilitate agile and home working in response to the Covid-19 outbreak.",complete,1,"See description of related tender.",CPV,30200000,"Computer equipment and supplies",http://cpv.data.ac.uk/code-30200000.html,559960,GBP,0,GBP,,"Other - ",,,,,,2020-03-23T00:00:00Z,,,1,"Contract start","Anticipated contract start date",2020-03-24T00:00:00Z,,2,"Contract end","Anticipated contract end date",2020-03-31T00:00:00Z,,,,Products,,"University of Lincoln","Procurement c/o Finance, Brayford Pool,",Lincoln,,"LN6 7TS",UK,,vmelides@lincoln.ac.uk,+441522837188,,,6aa4899e-9589-40ea-bb7b-8e38bfb360aa,,"See description of related tender",active,2020-03-23T00:00:00Z,559960,GBP,0,,,,,,,"DAISY CORPORATE SERVICES LIMITED","Lindred House
        20 Lindred Road
        Brierfield
        Nelson
        BB9 5SR",,,,,,,,,GBP,,2020-03-24T00:00:00Z,2020-03-31T00:00:00Z
https://www.contractsfinder.service.gov.uk/Published/Notice/releases/c5e5a76b-a93e-4d8e-958a-e69dab88516c.json,2020-04-04T13:00:27Z,"BIP SOLUTIONS LIMITED",GB-GOVUK-crown_comercial_service,,https://www.contractsfinder.service.gov.uk,1.1,https://raw.githubusercontent.com/open-contracting/ocds_process_title_extension/v1.1/extension.json,https://www.nationalarchives.gov.uk/doc/open-government-licence/version/2/,https://www.gov.uk/government/publications/open-contracting,ocds-b5fd17-12a44fb4-6ec7-41a5-a544-0cf04d988d45,ocds-b5fd17-12a44fb4-6ec7-41a5-a544-0cf04d988d45-353055-bip479346438,en-GB,2020-04-04T13:00:27Z,tender,tender,BIP479346438,"Supply of Ductile Iron Pipe and Fittings","This framework is for the supply of ductile iron pipe & fittings for all applications to Scottish Water.
      The scope shall comprise; design, manufacture, supply, works testing, delivery to site and possible offloading within this document.
      Ductile iron pipe and fittings must comply with BS EN 545:2006 for clean water application and BS EN 598 for waste water application.
      Products supplied must comply with the requirements of section 27 of the Water Supply (Water Quality) (Scotland) Regulations 2001.
      Ductile iron pipes & fittings shall be received ready to lay and pipe diameters up to 315mm shall have a secured fixed end cap protection, with pipework 350mm dia and above shall be securely fitted with shower cap or heavy-duty polythene sheeting. Compliance to DOMs site instructions and procures is mandatory.
      Specification:
      Scottish Water Specifications and further information detailed within PQQ",unsuccessful,1,"See description of related tender.",CPV,44163000,"Pipes and fittings",http://cpv.data.ac.uk/code-44163000.html,0,GBP,0,GBP,,"Negotiated procedure",,,,,"Please apply directly to the buyer using the contact details provided, or follow the instructions given in the notice description or information section.",2020-05-06T00:00:00Z,,,1,"Contract start","Anticipated contract start date",2021-04-01T00:00:00Z,,2,"Contract end","Anticipated contract end date",2029-03-31T00:00:00Z,,1,1,Products,,"Scottish Water","6 Buchanan Gate ",Glasgow,,"G33 6FB",UK,,chris.flanagan@scottishwater.co.uk,+448000778778,,,,,,,,,,,,,,,,,,,,,,,,,,,,,,
https://www.contractsfinder.service.gov.uk/Published/Notice/releases/68c535f3-42e2-49b8-aa1b-c87f96d74dfc.json,2020-04-04T11:32:16Z,"ADB (UK) LIMITED",GB-GOVUK-crown_comercial_service,,https://www.contractsfinder.service.gov.uk,1.1,https://raw.githubusercontent.com/open-contracting/ocds_process_title_extension/v1.1/extension.json,https://www.nationalarchives.gov.uk/doc/open-government-licence/version/2/,https://www.gov.uk/government/publications/open-contracting,ocds-b5fd17-7e6becdd-7ffe-4a18-9427-4f3fa233fd0b,ocds-b5fd17-7e6becdd-7ffe-4a18-9427-4f3fa233fd0b-353054-ra282155,en-GB,2020-04-04T11:32:16Z,tender,tender,RA282155,"RA282155 - COVID 19 - Supply of Alpha Solway FFP3 S3V Masks to Shrewsbury & Telford Hospital Trust","COV 19 - Alpha Solway FFP3 S3V Face Masks - A Quantity of Alpha Solway FFP3 S3V Face masks for our 60 Critical Care staff - To access this competition: login to https://suppliers.multiquote.com and view the opportunity RA282155. Not registered on MultiQuote - visit https://suppliers.multiquote.com then register and quote RA282155 as the reason for registration. Any queries please contact MultiQuote on 0151 482 9230.",unsuccessful,1,"See description of related tender.",CPV,18000000,"Clothing, footwear, luggage articles and accessories",http://cpv.data.ac.uk/code-18000000.html,0,GBP,0,GBP,,"Open procedure",,,,,"Please apply directly to the buyer using the contact details provided, or follow the instructions given in the notice description or information section.",2020-04-06T00:00:00Z,,,1,"Contract start","Anticipated contract start date",2020-04-06T00:00:00Z,,2,"Contract end","Anticipated contract end date",2020-04-06T00:00:00Z,,1,,Products,,"Shropshire Healthcare Procurement Service","2 Douglas Court Anchorage Avenue",Shrewsbury,,"SY3 8XQ",England,"Robert Goodrich",support@multiquote.com,"0151 482 9230",,https://suppliers.multiquote.com,,,,,,,,,,,,,,,,,,,,,,,,,,,,
https://www.contractsfinder.service.gov.uk/Published/Notice/releases/958ddb25-2305-49b3-a12f-4d6c8bb4b2f6.json,2020-04-04T10:50:02Z,"BIP SOLUTIONS LIMITED",GB-GOVUK-crown_comercial_service,,https://www.contractsfinder.service.gov.uk,1.1,https://raw.githubusercontent.com/open-contracting/ocds_process_title_extension/v1.1/extension.json,https://www.nationalarchives.gov.uk/doc/open-government-licence/version/2/,https://www.gov.uk/government/publications/open-contracting,ocds-b5fd17-a19fb174-fe80-4a34-9215-38fd6bac0b2d,ocds-b5fd17-a19fb174-fe80-4a34-9215-38fd6bac0b2d-353053-bip80658917,en-GB,2020-04-04T10:50:02Z,tender,tender,BIP80658917,"Joint Operational Fuel System Tranche 2: Support Extension (JOFS2-SE)","Joint Operational Fuels System, Tranche 2: Support Extension (JOFS2-SE) seeks to provide through-life support for fuel distribution and storage equipment from the end of the current support contract in February 2022 until the Out of Service Date (OSD) of the current equipment (currently 2030). 
      JOFS is a critical logistic enabler for units on deployment. It enables the safe supply, receipt and storage of bulk fuel, world-wide and in diverse climatic conditions, for extended periods in order to enable self-sufficiency for the force. 
      Equipment is currently supported through a Contracting For Availability (CFA) service Contract, using a Prime Contractor.",unsuccessful,1,"See description of related tender.",CPV,42122180,"Fuel pumps",http://cpv.data.ac.uk/code-42122180.html,55000000,GBP,99000000,GBP,,"Negotiated procedure",,,,,"Please apply directly to the buyer using the contact details provided, or follow the instructions given in the notice description or information section.",2020-05-04T00:00:00Z,,,1,"Contract start","Anticipated contract start date",2021-03-01T00:00:00Z,,2,"Contract end","Anticipated contract end date",2032-02-29T00:00:00Z,,1,,Services,,"Ministry of Defence, Land Equipment, Operational Infrastructure","MOD Abbey Wood",Bristol,,"BS34 8JH",UK,,emma.eddy100@mod.gov.uk,+443067989970,,,,,,,,,,,,,,,,,,,,,,,,,,,,,,
https://www.contractsfinder.service.gov.uk/Published/Notice/releases/1226d64e-cede-4ca0-ad04-50a863ee878d.json,2020-04-04T10:40:02Z,"BIP SOLUTIONS LIMITED",GB-GOVUK-crown_comercial_service,,https://www.contractsfinder.service.gov.uk,1.1,https://raw.githubusercontent.com/open-contracting/ocds_process_title_extension/v1.1/extension.json,https://www.nationalarchives.gov.uk/doc/open-government-licence/version/2/,https://www.gov.uk/government/publications/open-contracting,ocds-b5fd17-0df037b4-07fd-4bf6-bbbb-8d3e1035dcce,ocds-b5fd17-0df037b4-07fd-4bf6-bbbb-8d3e1035dcce-353052-bip85237543,en-GB,2020-04-04T10:40:02Z,award,tender,BIP85237543,"SUPPLY OF GROUND FUELS","The Supply of Ground Fuels to British Forces Cyprus (BFC) ""the Authority"" for the supply and delivery of various ground fuels in support of BFC Units.",complete,1,"See description of related tender.",CPV,09134200,"Diesel fuel",http://cpv.data.ac.uk/code-09134200.html,8587000,GBP,0,GBP,,"Open procedure",,,,,,2020-03-27T00:00:00Z,,,1,"Contract start","Anticipated contract start date",2020-04-01T00:00:00Z,,2,"Contract end","Anticipated contract end date",2023-03-31T00:00:00Z,,,,Products,,"Ministry of Defence, C&C, C&C","Commercial Branch Block C",Episkopi,,"BF1 2AS",CY,,UKStratCom-ComrclD-07@mod.gov.uk,+35725962828,,,561be67a-fe46-40b3-b790-14ca7dbd3dc1,,"See description of related tender",active,2020-03-27T00:00:00Z,8587000,GBP,0,,,,,,,"Hellenic Petroleum Cyprus Limited","3 Ellispontou Street
        Strovolos, 2015
        PO Box 22441
        Nicosia
        CY-1521",,,,,,,,,GBP,,2020-04-01T00:00:00Z,2023-03-31T00:00:00Z
https://www.contractsfinder.service.gov.uk/Published/Notice/releases/7400314d-e34c-4859-820e-a4ae47599726.json,2020-04-04T09:25:22Z,"DUE NORTH LIMITED",GB-GOVUK-crown_comercial_service,,https://www.contractsfinder.service.gov.uk,1.1,https://raw.githubusercontent.com/open-contracting/ocds_process_title_extension/v1.1/extension.json,https://www.nationalarchives.gov.uk/doc/open-government-licence/version/2/,https://www.gov.uk/government/publications/open-contracting,ocds-b5fd17-06cd26b7-2f38-4ab8-b0ad-e9fc8dcdfbf5,ocds-b5fd17-06cd26b7-2f38-4ab8-b0ad-e9fc8dcdfbf5-353051-lbowf001-dn461143-97435255,en-GB,2020-04-04T09:25:22Z,award,tender,LBOWF001-DN461143-97435255,"Volunteer Gardening Lloyd Park 2020-21","Delivery of Volunteer Gardening programme, Lloyd Park, 2020-21",complete,1,"See description of related tender.",CPV,98000000,"Other community, social and personal services",http://cpv.data.ac.uk/code-98000000.html,5500,GBP,5500,GBP,,"Open procedure",,,,,,2020-03-17T00:00:00Z,,,1,"Contract start","Anticipated contract start date",2020-04-01T00:00:00Z,,2,"Contract end","Anticipated contract end date",2021-03-31T00:00:00Z,,,1,Services,,"London Borough of Waltham Forest","Low Hall Depot Argall Avenue",Walthamstow,,"E10 7AS",England,"Ellie Mortimer",ellie.mortimer@walthamforest.gov.uk,"+44 2084962822",,http://www.walthamforest.gov.uk/,18d1d825-e37c-45d2-a9bf-5046cd235136,,"See description of related tender",active,2020-03-31T00:00:00Z,5500,GBP,0,,,,,1,1,"Catherine McLoughlin","Walthamstow, London",,,,,,,,,GBP,,2020-04-01T00:00:00Z,2021-03-31T00:00:00Z
https://www.contractsfinder.service.gov.uk/Published/Notice/releases/c639121f-808a-454d-9873-57199ce1e80d.json,2020-04-04T07:00:38Z,"BIP SOLUTIONS LIMITED",GB-GOVUK-crown_comercial_service,,https://www.contractsfinder.service.gov.uk,1.1,https://raw.githubusercontent.com/open-contracting/ocds_process_title_extension/v1.1/extension.json,https://www.nationalarchives.gov.uk/doc/open-government-licence/version/2/,https://www.gov.uk/government/publications/open-contracting,ocds-b5fd17-c52b160c-f2c0-4025-aa56-a2dcb9cc88e3,ocds-b5fd17-c52b160c-f2c0-4025-aa56-a2dcb9cc88e3-353049-bip85230187,en-GB,2020-04-04T07:00:38Z,tender,tender,BIP85230187,"Rented Living Accommodation Project (RLAP)","
        Text to be corrected in the original notice:
        Place of text to be modified: Time-limit for receipt of tenders or requests to participate
        Instead of: 09/04/2020 Time: 13:00
        Read: 24/04/2020 Time:13:00
        Other additional information: The Authority reserves the right to amend any condition related to security of information to reflect any changes in national law or government policy.  If any contract documents are accompanied by instructions on safeguarding classified information (e.g. a Security Aspects Letter), the Authority reserves the right to amend the terms of these instructions to reflect any changes in national law or government policy, whether in respect of the applicable protective marking scheme, specific protective markings given, the aspects to which any protective marking applies, or otherwise.  The link below to the Gov.uk website provides information on the Government Security Classification.
        
        https://www.gov.uk/government/publications/government-security-classifications
        
        Advertising Regime OJEU:- This contract opportunity is published in the Official Journal of the European Union (OJEU),the MoD Defence Contracts Bulletin and www.contracts.mod.uk
        
        Electronic Trading :- Potential suppliers must note the mandatory requirement for electronic trading using the Contracting, Purchasing and Finance (CP&F) electronic procurement tool. All payments for Contractor Deliverables under the Contract shall only be made via CP&F. You can find details on CP&F at https://www.gov.uk/government/publications/mod-contracting-purchasing-and-finance-e-procurement-system.
        
        The MOD will use the e-procurement tool AWARD to assist in the management of the tender process and subsequent tender evaluation. 
        
        Cyber risk level - Low. Reference Number - RAR-JWZN3NJB
        
        It is to be noted that this requirement is subject to UK Government policy on transparency and that the PQQ, Invitation to Tender and any resulting contract documents may be subject to publication in a redacted format.
        Residential property renting or leasing services. To provide military Service Personnel in the United Kingdom (UK) of Great Britain and Northern Ireland including the Isle of Man and the Channel Islands, with Substitute Accommodation.  This comprises of shared multi-occupancy Substitute Service Single Accommodation (SSSA) and Substitute Service Family Accommodation (SSFA) for couples and families.",unsuccessful,1,"See description of related tender.",CPV,70210000,"Residential property renting or leasing services",http://cpv.data.ac.uk/code-70210000.html,250000000,GBP,350000000,GBP,,"Restricted procedure",,,,,"Please apply directly to the buyer using the contact details provided, or follow the instructions given in the notice description or information section.",2020-04-24T00:00:00Z,,,1,"Contract start","Anticipated contract start date",2021-02-11T00:00:00Z,,2,"Contract end","Anticipated contract end date",2028-02-10T00:00:00Z,,,,Services,,"Ministry of Defence, DIO, Defence Infrastructure Organisation (DIO)","DIO Commercial Swales Pavilion",Huntingdon,,"PE28 2EA",UK,,DIOComrcl-RLAPTeam@mod.gov.uk,+441480452451-4670,,,,,,,,,,,,,,,,,,,,,,,,,,,,,,
