uri,publishedDate,deadlineDate,publisher/name,publisher/scheme,publisher/uid,publisher/uri,version,extensions/0,license,publicationPolicy,releases/0/ocid,releases/0/id,releases/0/language,releases/0/date,releases/0/tag/0,releases/0/initiationType,releases/0/title,releases/0/description,releases/0/tender/id,releases/0/tender/title,releases/0/tender/description,releases/0/tender/status,releases/0/tender/items/0/id,releases/0/tender/items/0/description,releases/0/tender/items/0/classification/scheme,releases/0/tender/items/0/classification/id,releases/0/tender/items/0/classification/description,releases/0/tender/items/0/classification/uri,releases/0/tender/items/1/id,releases/0/tender/items/1/description,releases/0/tender/items/1/classification/scheme,releases/0/tender/items/1/classification/id,releases/0/tender/items/1/classification/description,releases/0/tender/items/1/classification/uri,releases/0/tender/items/2/id,releases/0/tender/items/2/description,releases/0/tender/items/2/classification/scheme,releases/0/tender/items/2/classification/id,releases/0/tender/items/2/classification/description,releases/0/tender/items/2/classification/uri,releases/0/tender/minValue/amount,releases/0/tender/minValue/currency,releases/0/tender/value/amount,releases/0/tender/value/currency,releases/0/tender/procurementMethod,releases/0/tender/procurementMethodDetails,releases/0/tender/procurementMethodRationale,releases/0/tender/awardCriteria,releases/0/tender/awardCriteriaDetails,releases/0/tender/submissionMethod,releases/0/tender/submissionMethodDetails,releases/0/tender/tenderPeriod/endDate,releases/0/tender/hasEnquiries,releases/0/tender/eligibilityCriteria,releases/0/tender/milestones/0/id,releases/0/tender/milestones/0/title,releases/0/tender/milestones/0/description,releases/0/tender/milestones/0/dueDate,releases/0/tender/milestones/0/status,releases/0/tender/milestones/1/id,releases/0/tender/milestones/1/title,releases/0/tender/milestones/1/description,releases/0/tender/milestones/1/dueDate,releases/0/tender/milestones/1/status,releases/0/tender/xClassifications/isSuitableForSme,releases/0/tender/xClassifications/isSuitableForVco,releases/0/tender/xClassifications/ojeuContractType,releases/0/tender/supplyChain,releases/0/buyer/identifier/scheme,releases/0/buyer/identifier/id,releases/0/buyer/identifier/uri,releases/0/buyer/identifier/legalName,releases/0/buyer/name,releases/0/buyer/address/streetAddress,releases/0/buyer/address/locality,releases/0/buyer/address/region,releases/0/buyer/address/postalCode,releases/0/buyer/address/countryName,releases/0/buyer/contactPoint/name,releases/0/buyer/contactPoint/email,releases/0/buyer/contactPoint/telephone,releases/0/buyer/contactPoint/faxNumber,releases/0/buyer/contactPoint/uri,releases/0/awards/0/id,releases/0/awards/0/title,releases/0/awards/0/description,releases/0/awards/0/status,releases/0/awards/0/date,releases/0/awards/0/value/amount,releases/0/awards/0/value/currency,releases/0/awards/0/suppliers/0/id,releases/0/awards/0/suppliers/0/identifier/scheme,releases/0/awards/0/suppliers/0/identifier/id,releases/0/awards/0/suppliers/0/identifier/legalName,releases/0/awards/0/suppliers/0/identifier/uri,releases/0/awards/0/suppliers/0/sme,releases/0/awards/0/suppliers/0/vco,releases/0/awards/0/suppliers/0/name,releases/0/awards/0/suppliers/0/address/streetAddress,releases/0/awards/0/suppliers/0/address/locality,releases/0/awards/0/suppliers/0/address/region,releases/0/awards/0/suppliers/0/address/postalCode,releases/0/awards/0/suppliers/0/address/countryName,releases/0/awards/0/suppliers/0/contactPoint/name,releases/0/awards/0/suppliers/0/contactPoint/email,releases/0/awards/0/suppliers/0/contactPoint/telephone,releases/0/awards/0/suppliers/0/contactPoint/faxNumber,releases/0/awards/0/suppliers/0/x_awardValue/currency,releases/0/awards/0/suppliers/0/x_awardValue/amount,releases/0/awards/0/contractPeriod/startDate,releases/0/awards/0/contractPeriod/endDate
https://www.contractsfinder.service.gov.uk/Published/Notice/releases/3a10969e-8d18-45dc-9d0f-072410dba48f.json,2020-06-13T23:36:13Z,,"BIRMINGHAM CITY COUNCIL",GB-GOVUK-crown_comercial_service,,https://www.contractsfinder.service.gov.uk,1.1,https://raw.githubusercontent.com/open-contracting/ocds_process_title_extension/v1.1/extension.json,https://www.nationalarchives.gov.uk/doc/open-government-licence/version/2/,https://www.gov.uk/government/publications/open-contracting,ocds-b5fd17-69942b83-b613-462a-9ecd-5f528ecee7c5,ocds-b5fd17-69942b83-b613-462a-9ecd-5f528ecee7c5-358845-p0448,en-GB,2020-06-13T23:36:13Z,award,tender,,,P0448,"Call off Purchasing System - Development of Housing at Ebrook Road","Further Competition under the Dynamic Purchasing System for the construction and delivery of 6 new homes for rent at Ebrook Road - Birmingham Municipal Housing Trust (BMHT) housing development programme.",complete,1,"See description of related tender.",CPV,70333000,"Housing services",http://cpv.data.ac.uk/code-70333000.html,,,,,,,,,,,,,0,GBP,0,GBP,selective,"Call off from a Dynamic Purchasing System",,,,,,2018-04-05T00:00:00Z,,,1,"Contract start","Anticipated contract start date",2018-10-22T00:00:00Z,,2,"Contract end","Anticipated contract end date",2019-10-21T00:00:00Z,,1,,Works,,GB-LAE,BIR,https://local-authority-eng.register.gov.uk/record/BIR,,"BIRMINGHAM CITY COUNCIL","Woodcock Street ",Birmingham,,"B4 7WB",England,,cps@birmingham.gov.uk,"0121 464 8000",,,9b96d00c-a93f-4aa1-8918-581880ccb2b9,,"See description of related tender",active,2018-10-16T00:00:00Z,0,GBP,0,GB-COH,05604390,,,1,,"TAYLOR FRENCH DEVELOPMENTS LIMITED","Shipton, Winslow
BUCKINGHAM
Buckinghamshire
MK18 3JL
GB",,,,,,,,,GBP,,2018-10-22T00:00:00Z,2019-10-21T00:00:00Z
https://www.contractsfinder.service.gov.uk/Published/Notice/releases/657ac366-54fd-4da7-a7be-94c414fe8eeb.json,2020-06-13T23:28:44Z,,"BIRMINGHAM CITY COUNCIL",GB-GOVUK-crown_comercial_service,,https://www.contractsfinder.service.gov.uk,1.1,https://raw.githubusercontent.com/open-contracting/ocds_process_title_extension/v1.1/extension.json,https://www.nationalarchives.gov.uk/doc/open-government-licence/version/2/,https://www.gov.uk/government/publications/open-contracting,ocds-b5fd17-dbc40c4a-ac15-4c57-9bad-c91115918600,ocds-b5fd17-dbc40c4a-ac15-4c57-9bad-c91115918600-358843-p0569,en-GB,2020-06-13T23:28:44Z,award,tender,,,P0569,"Call off Dynamic Purchasing - Development of Housing at Poplar Avenue - Contract Award","Further Competition under the Dynamic Purchasing System for the development of housing at Poplar Avenue - Birmingham Municipal Housing Trust (BMHT) housing development programme for Lot 2 (4-8 units).",complete,1,"See description of related tender.",CPV,70333000,"Housing services",http://cpv.data.ac.uk/code-70333000.html,,,,,,,,,,,,,0,GBP,0,GBP,selective,"Call off from a Dynamic Purchasing System",,,,,,2019-02-08T00:00:00Z,,,1,"Contract start","Anticipated contract start date",2019-06-12T00:00:00Z,,2,"Contract end","Anticipated contract end date",2020-06-11T00:00:00Z,,1,,Works,,GB-LAE,BIR,https://local-authority-eng.register.gov.uk/record/BIR,,"BIRMINGHAM CITY COUNCIL","Woodcock Street ",Birmingham,,"B4 7WB",England,,cps@birmingham.gov.uk,"0121 464 8000",,,bc86d6ea-6ba3-4ddf-8521-8e66ff7162fb,,"See description of related tender",active,2019-05-14T00:00:00Z,0,GBP,0,GB-COH,02216084,,,1,,"JESSUP BROTHERS LIMITED","Jessup House,2 Station Court
CANNOCK
STAFFORDSHIRE
WS11 0EJ
GB",,,,,"Jon Wilkins",,,,GBP,0,2019-06-12T00:00:00Z,2020-06-11T00:00:00Z
https://www.contractsfinder.service.gov.uk/Published/Notice/releases/6e9fb1fe-7ace-42f9-80e5-cf8a04a64740.json,2020-06-13T22:28:22Z,2020-06-29T00:00:00Z,"BIRMINGHAM CITY COUNCIL",GB-GOVUK-crown_comercial_service,,https://www.contractsfinder.service.gov.uk,1.1,https://raw.githubusercontent.com/open-contracting/ocds_process_title_extension/v1.1/extension.json,https://www.nationalarchives.gov.uk/doc/open-government-licence/version/2/,https://www.gov.uk/government/publications/open-contracting,ocds-b5fd17-ef4d64d6-aa40-4d04-9cea-b8110bb30d65,ocds-b5fd17-ef4d64d6-aa40-4d04-9cea-b8110bb30d65-364078-.,en-GB,2020-06-13T22:28:22Z,planning,tender,"Birmingham Children's Trust - Health & Safety Services","Birmingham Children's Trust is inviting interested suppliers to take part in a market sounding exercise on the Health & Safety requirements for Birmingham Children's Trust.

Details of the Health & Safety provision are included in the Market Sounding exercise summarising the scope of the Trusts operations, staffing and premises and an outline Health and Safety specification.  Our requirement is for fixed price operational support element and an annually priced development plan (with options for pay as you go consultancy). We are asking providers for a review of our specification.

Deadline for questionnaire submission and participation: Noon, Monday 29th June 2020

The Trust will be using BeHeard, an online survey for this market sounding process and participants must register with the system to be able to take part;  please click on the following link to access https://www.birminghambeheard.org.uk/economy/66e37497

If you are unable to access the BeHeard website, or have any questions or problems on how to use this web site please email us at: cps@birmingham.gov.uk",.,"Birmingham Children's Trust - Health & Safety Services","Birmingham Children's Trust is inviting interested suppliers to take part in a market sounding exercise on the Health & Safety requirements for Birmingham Children's Trust.

Details of the Health & Safety provision are included in the Market Sounding exercise summarising the scope of the Trusts operations, staffing and premises and an outline Health and Safety specification.  Our requirement is for fixed price operational support element and an annually priced development plan (with options for pay as you go consultancy). We are asking providers for a review of our specification.

Deadline for questionnaire submission and participation: Noon, Monday 29th June 2020

The Trust will be using BeHeard, an online survey for this market sounding process and participants must register with the system to be able to take part;  please click on the following link to access https://www.birminghambeheard.org.uk/economy/66e37497

If you are unable to access the BeHeard website, or have any questions or problems on how to use this web site please email us at: cps@birmingham.gov.uk",unsuccessful,1,"See description of related tender.",CPV,71317200,"Health and safety services",http://cpv.data.ac.uk/code-71317200.html,2,"See description of related tender.",CPV,71317210,"Health and safety consultancy services",http://cpv.data.ac.uk/code-71317210.html,,,,,,,0,GBP,0,GBP,,,,,,,"Please apply directly to the buyer using the contact details provided, or follow the instructions given in the notice description or information section.",,,,,,,,,,,,,,1,,,,GB-LAE,BIR,https://local-authority-eng.register.gov.uk/record/BIR,,"BIRMINGHAM CITY COUNCIL","Woodcock Street ",Birmingham,,B47WB,England,,cps@birmingham.gov.uk,"0121 464 8000",,https://www.birminghambeheard.org.uk/economy/66e37497,,,,,,,,,,,,,,,,,,,,,,,,,,,,
https://www.contractsfinder.service.gov.uk/Published/Notice/releases/cf715c46-d65f-4edd-89cf-6872017d8d10.json,2020-06-13T17:32:43Z,,"BRAVOSOLUTION UK LIMITED",GB-GOVUK-crown_comercial_service,,https://www.contractsfinder.service.gov.uk,1.1,https://raw.githubusercontent.com/open-contracting/ocds_process_title_extension/v1.1/extension.json,https://www.nationalarchives.gov.uk/doc/open-government-licence/version/2/,https://www.gov.uk/government/publications/open-contracting,ocds-b5fd17-abe0679b-d2f4-4ec7-991b-a41b2c85077e,ocds-b5fd17-abe0679b-d2f4-4ec7-991b-a41b2c85077e-364067-tender_229549-862348,en-GB,2020-06-13T17:32:43Z,award,tender,,,tender_229549/862348,"Apprenticeship Programme for 4 Data Analyst with Barnsley College","This is a Gateway 2 approval request for an STA to contract with Barnsley College to provide Apprenticeship training for 3 Data Analysts - level 4

The funding will be provided from the Apprenticeship Levy that NHSD contributes to (The levy takes an amount equal to 0.5% of the PAYE bill from any organisation where PAYE is over £3million. The money taken is stored in a digital bank account held by the Education Skills Funding Agency).The funding will be provided from the Apprenticeship Levy that NHSD contributes to.  The funding will be provided from the Apprenticeship Levy that NHSD contributes to and the funding will not come from NHS Digital&apos;s budget",complete,1,"See description of related tender.",CPV,80000000,"Education and training services",http://cpv.data.ac.uk/code-80000000.html,,,,,,,,,,,,,45000,GBP,0,GBP,direct,"Single tender action (non-OJEU)",,,,,,2020-02-03T00:00:00Z,,,1,"Contract start","Anticipated contract start date",2020-02-05T00:00:00Z,,2,"Contract end","Anticipated contract end date",2022-02-04T00:00:00Z,,1,,Services,,,,,,"NHS Digital","1 Trevelyan Square, Boar Lane ",Leeds,,"LS1 6AE",England,,adeleke.adesokan1@nhs.net,,,,18bfe0f3-773d-4db0-8eb5-bc0f85f5a41e,,"See description of related tender",active,2020-02-03T00:00:00Z,45000,GBP,0,,,,,,,"Barnsley College","PO Box 266, Church Street, Barnsley, S70 2YW",,,,,,,,,GBP,,2020-02-05T00:00:00Z,2022-02-04T00:00:00Z
https://www.contractsfinder.service.gov.uk/Published/Notice/releases/96a7d550-4a35-4f9f-9f7b-d3c2e1965a84.json,2020-06-13T15:31:46Z,,"EU SUPPLY LIMITED",GB-GOVUK-crown_comercial_service,,https://www.contractsfinder.service.gov.uk,1.1,https://raw.githubusercontent.com/open-contracting/ocds_process_title_extension/v1.1/extension.json,https://www.nationalarchives.gov.uk/doc/open-government-licence/version/2/,https://www.gov.uk/government/publications/open-contracting,ocds-b5fd17-90e1ba77-2397-46c9-b052-14672ad34f7c,ocds-b5fd17-90e1ba77-2397-46c9-b052-14672ad34f7c-364062-20200613153143-18,en-GB,2020-06-13T15:31:46Z,award,tender,,,20200613153143-18,"Lambeth Country Show Security & Crowd Management Contract 2020","The London Borough of Lambeth and EventLambeth requires an appropriate industry supplier of Security & Crowd Management Services with high levels of experience and knowledge to ensure the highest standard is provided and that public safety is put first at all times.  The Council is seeking to engage a suitably qualified and experienced contractor who is able to provide evidence of having delivered similar services successfully.
This procurement will establish a single supplier contract for the provision of security and crowd management services for the Lambeth Country Show. 

Tender documents available at:
https://uk.eu-supply.com/app/rfq/rwlentrance_s.asp?PID=30430&B=LBLAMBETH
EU-SUPPLY 37435",complete,1,"See description of related tender.",CPV,75240000,"Public security, law and order services",http://cpv.data.ac.uk/code-75240000.html,2,"See description of related tender.",CPV,75241000,"Public security services",http://cpv.data.ac.uk/code-75241000.html,3,"See description of related tender.",CPV,79710000,"Security services",http://cpv.data.ac.uk/code-79710000.html,899269,GBP,1067145,GBP,,"Open procedure",,,,,,2019-11-18T00:00:00Z,,,1,"Contract start","Anticipated contract start date",2020-04-30T00:00:00Z,,2,"Contract end","Anticipated contract end date",2023-04-29T00:00:00Z,,,,Services,,,,,,"London Borough of Lambeth","Town Hall, Brixton Hill ",London,,"SW2 1RW",ENG,"Sophie Eveso",SEveso@lambeth.gov.uk,"+44 2079261916",,www.lambeth.gov.uk,d57e61bf-dffc-4904-a90b-ad1199e69f34,,"See description of related tender",active,2020-02-24T00:00:00Z,944276,GBP,0,,,,,,,"The SES Group","Ground Floor, 31 Kentish Town Road, London
NW1 8NL",,,,,"Glen Ball",,,,GBP,,2020-04-30T00:00:00Z,2024-04-29T00:00:00Z
https://www.contractsfinder.service.gov.uk/Published/Notice/releases/93770045-fe01-497b-b449-d26b62775540.json,2020-06-13T11:13:51Z,,"N H S Wakefield Clinical Commissioning Group",GB-GOVUK-crown_comercial_service,,https://www.contractsfinder.service.gov.uk,1.1,https://raw.githubusercontent.com/open-contracting/ocds_process_title_extension/v1.1/extension.json,https://www.nationalarchives.gov.uk/doc/open-government-licence/version/2/,https://www.gov.uk/government/publications/open-contracting,ocds-b5fd17-0864abfe-aec4-4834-8092-cab52306d91e,ocds-b5fd17-0864abfe-aec4-4834-8092-cab52306d91e-363982-wy&hsp1,en-GB,2020-06-13T11:13:51Z,tender,tender,,,WY&HSP1,"West Yorkshire & Harrogate Training Provision for Social Prescribing Link Workers, VCS employees and Volunteers","In response to Covid 19, West Yorkshire and Harrogate Health and Care Partnership Personalised Care Programme are developing a training offer to upskill and support the expansion of the social prescribing and the voluntary sector workforce during 2020/21.  The training programme will aim to upskill voluntary sector staff, volunteers and link workers across West Yorkshire & Harrogate in delivering vital support to address inequalities and the needs of our most vulnerable communities during Covid 19 and beyond. 
    
Due to the current challenges of Covid 19, our health and care system has had to adapt to virtual and online ways of working.  The aim of the programme will be to ensure our workforce including voluntary sector workers and volunteers are equipped with the essential online skills including virtual health coaching skills and digital and virtual technologies in supporting the health and emotional resilience of both the staff and communities during this time.   One of our key outcomes is to support the development of the voluntary sector to embed digital approaches within their ways of working and in doing so, support and encourage more of our communities to access support online.
  
We are inviting expressions of interest from experienced training providers who have experience of working with the voluntary sector and the NHS to apply for this exciting opportunity to deliver training to support the resilience and upskilling of our health and care, volunteer and link worker workforce. We would welcome responses from either individual organisations or consortiums of organisations to deliver specific modules or the whole training programme.  This programme will deliver real impact in meeting the needs of our most vulnerable communities across West Yorkshire & Harrogate.  If successful, the selected provider/s will receive between £50,000 and £100,000 to deliver the training programme up until March 2021.",unsuccessful,1,"See description of related tender.",CPV,80500000,"Training services",http://cpv.data.ac.uk/code-80500000.html,,,,,,,,,,,,,0,GBP,100000,GBP,open,"Open (non-OJEU)",,,,,"Please apply directly to the buyer using the contact details provided, or follow the instructions given in the notice description or information section.",2020-06-29T00:00:00Z,,,1,"Contract start","Anticipated contract start date",2020-07-01T00:00:00Z,,2,"Contract end","Anticipated contract end date",2021-03-31T00:00:00Z,,1,1,Services,,GB-SRS,supplierregistration.cabinetoffice.gov.uk/NByU8SPP,https://supplierregistration.cabinetoffice.gov.uk/notices/buyers.csv,,"N H S Wakefield Clinical Commissioning Group","White Rose House ",Wakefield,,WF11LT,England,"Brenda Powell",brenda.powell1@nhs.net,"01484 464262",,www.wakefieldccg.nhs.uk,,,,,,,,,,,,,,,,,,,,,,,,,,,,
https://www.contractsfinder.service.gov.uk/Published/Notice/releases/2a5d6cd3-207f-4ecf-9f1d-686e11d40622.json,2020-06-13T09:31:47Z,,"EU SUPPLY LIMITED",GB-GOVUK-crown_comercial_service,,https://www.contractsfinder.service.gov.uk,1.1,https://raw.githubusercontent.com/open-contracting/ocds_process_title_extension/v1.1/extension.json,https://www.nationalarchives.gov.uk/doc/open-government-licence/version/2/,https://www.gov.uk/government/publications/open-contracting,ocds-b5fd17-82d7f4dc-fe1e-4da0-bf67-0d0075945679,ocds-b5fd17-82d7f4dc-fe1e-4da0-bf67-0d0075945679-364049-20200613093144-30493,en-GB,2020-06-13T09:31:47Z,award,tender,,,20200613093144-30493,"National Framework Agreement for the Supply of Scenes of Crime Consumables","The provision of Scenes of Crime Consumables under a National Framework. The Framework will be available to use nationally by any public sector bodies in England, Wales, Northern Ireland and Scotland, including primarily the Police and Emergency services and law enforcement agencies, and central government departments. The supply of these products is of paramount importance, some of which are business critical for forensic analysis and evidence collection.",complete,1,"See description of related tender.",CPV,33950000,"Clinical forensics equipment and supplies",http://cpv.data.ac.uk/code-33950000.html,,,,,,,,,,,,,7134166,GBP,8000000,GBP,,"Open procedure",,,,,,2019-11-28T00:00:00Z,,,1,"Contract start","Anticipated contract start date",2020-07-01T00:00:00Z,,2,"Contract end","Anticipated contract end date",2022-06-30T00:00:00Z,,1,,Products,,,,,,"West Mercia Police Procurement Department","PO Box 55 ",Worcester,,"WR3 8SP",ENG,"Clare Griffiths",clare.griffiths@westmercia.pnn.police.uk,"+44 1905747068",,www.westmercia.police.uk,294663a7-9eff-40fc-8d6b-a7073224b5ad,,"See description of related tender",active,2020-06-10T00:00:00Z,7134166,GBP,0,,,,,,,"WA Products t/a Scenesafe","Midas House, 8 & 9 Burnham Business Park, Springfield Road, Burnham on Crouch, Essex. CM0 8TE",,,,,"Mike Hopson",,,,GBP,,2020-07-01T00:00:00Z,2022-06-30T00:00:00Z
